county,date,allbed_mean,allbed_lower,allbed_upper,ICUbed_mean,ICUbed_lower,ICUbed_upper,InvVen_mean,InvVen_lower,InvVen_upper,admis_mean,admis_lower,admis_upper,newICU_mean,newICU_lower,newICU_upper,bedover_mean,bedover_lower,bedover_upper,icuover_mean,icuover_lower,icuover_upper,deaths_mean,deaths_lower,deaths_upper,totdea_mean,totdea_lower,totdea_upper,deaths_mean_smoothed,deaths_lower_smoothed,deaths_upper_smoothed,totdea_mean_smoothed,totdea_lower_smoothed,totdea_upper_smoothed,mobility_data_type,mobility_composite,total_tests_data_type,total_tests,confirmed_infections,est_infections_mean,est_infections_lower,est_infections_upper
California,2020-02-04,0,0,0,0,0,0,0,0,0,0,0,0,0,0,0,0,0,0,0,0,0,0,0,0,0,0,0,3.271278e-05,3.271278e-05,3.271278e-05,5.754379e-05,5.754379e-05,5.754379e-05,"",,observed,6.128649,0,0.6315561,0.3238791,1.106768
California,2020-02-05,0,0,0,0,0,0,0,0,0,0,0,0,0,0,0,0,0,0,0,0,0,0,0,0,0,0,0,4.309634e-05,4.309634e-05,4.309634e-05,0.0001006401,0.0001006401,0.0001006401,"",,observed,6.895227,0,0.8320277,0.4265149,1.46116
California,2020-02-06,0,0,0,0,0,0,0,0,0,0,0,0,0,0,0,0,0,0,0,0,0,0,0,0,0,0,0,5.677582e-05,5.677582e-05,5.677582e-05,0.0001574159,0.0001574159,0.0001574159,"",,observed,7.669618,0,1.096134,0.5652617,1.928737
California,2020-02-07,0,0,0,0,0,0,0,0,0,0,0,0,0,0,0,0,0,0,0,0,0,0,0,0,0,0,0,7.47974e-05,7.47974e-05,7.47974e-05,0.0002322133,0.0002322133,0.0002322133,"",,observed,8.464253,0,1.444074,0.7444959,2.540185
California,2020-02-08,0,0,0,0,0,0,0,0,0,0,0,0,0,0,0,0,0,0,0,0,0,0,0,0,0,0,0,9.853933e-05,9.853933e-05,9.853933e-05,0.0003307527,0.0003307527,0.0003307527,observed,-0.898252,observed,9.290613,0,1.902459,0.9776622,3.35816
California,2020-02-09,0,0,0,0,0,0,0,0,0,0,0,0,0,0,0,0,0,0,0,0,0,0,0,0,0,0,0,0.0001298174,0.0001298174,0.0001298174,0.00046057,0.00046057,0.00046057,observed,-0.6717591,observed,10.15725,0,2.506346,1.288364,4.427634
California,2020-02-10,0,0,0,0,0,0,0,0,0,0,0,0,0,0,0,0,0,0,0,0,0,0,0,0,0,0,0,0.0001710236,0.0001710236,0.0001710236,0.0006315936,0.0006315936,0.0006315936,observed,-0.3381793,observed,11.06962,0,3.301923,1.692056,5.865816
California,2020-02-11,0,0,0,0,0,0,0,0,0,0,0,0,0,0,0,0,0,0,0,0,0,0,0,0,0,0,0,0.0002253094,0.0002253094,0.0002253094,0.000856903,0.000856903,0.000856903,observed,0.03313394,observed,12.0327,1,4.350036,2.223238,7.751087
California,2020-02-12,0,0,0,0,0,0,0,0,0,0,0,0,0,0,0,0,0,0,0,0,0,0,0,0,0,0,0,0.0002968264,0.0002968264,0.0002968264,0.001153729,0.001153729,0.001153729,observed,0.3711437,observed,13.05575,0,5.728905,2.912138,10.24633
California,2020-02-13,0,0,0,0,0,0,0,0,0,0,0,0,0,0,0,0,0,0,0,0,0,0,0,0,0,0,0,0.0003910443,0.0003910443,0.0003910443,0.001544774,0.001544774,0.001544774,observed,0.6152193,observed,14.15618,1,7.536111,3.819841,13.46956
California,2020-02-14,0,0,0,0,0,0,0,0,0,0,0,0,0,0,0,0,0,0,0,0,0,0,0,0,0,0,0,0.0005151685,0.0005151685,0.0005151685,0.002059942,0.002059942,0.002059942,observed,0.7346193,observed,15.35902,0,9.895605,5.025026,17.64839
California,2020-02-15,0,0,0,0,0,0,0,0,0,0,0,0,0,0,0,0,0,0,0,0,0,0,0,0,0,0,0,0.0006786921,0.0006786921,0.0006786921,0.002738634,0.002738634,0.002738634,observed,0.7469709,observed,16.69053,0,12.96223,6.58416,23.02786
California,2020-02-16,0,0,0,0,0,0,0,0,0,0,0,0,0,0,0,0,0,0,0,0,0,0,0,0,0,0,0,0.0008941209,0.0008941209,0.0008941209,0.003632755,0.003632755,0.003632755,observed,0.7123806,observed,18.1685,0,16.92852,8.63633,29.92046
California,2020-02-17,0,0,0,0,0,0,0,0,0,0,0,0,0,0,0,0,0,0,0,0,0,0,0,0,0,0,0,0.001177931,0.001177931,0.001177931,0.004810686,0.004810686,0.004810686,observed,0.710967,observed,19.79411,0,22.03344,11.32144,38.61238
California,2020-02-18,0,0,0,0,0,0,0,0,0,0,0,0,0,0,0,0,0,0,0,0,0,0,0,0,0,0,0,0.001551827,0.001551827,0.001551827,0.006362513,0.006362513,0.006362513,observed,0.8011726,observed,21.54998,0,28.57467,14.80362,49.53114
California,2020-02-19,0,0,0,0,0,0,0,0,0,0,0,0,0,0,0,0,0,0,0,0,0,0,0,0,0,0,0,0.002044405,0.002044405,0.002044405,0.008406918,0.008406918,0.008406918,observed,0.9680646,observed,23.40583,0,36.91721,19.33668,63.34118
California,2020-02-20,0,0,0,0,0,0,0,0,0,0,0,0,0,0,0,0,0,0,0,0,0,0,0,0,0,0,0,0.002693336,0.002693336,0.002693336,0.01110025,0.01110025,0.01110025,observed,1.169761,observed,25.32858,0,47.50489,25.18072,80.77578
California,2020-02-21,0,0,0,0,0,0,0,0,0,0,0,0,0,0,0,0,0,0,0,0,0,0,0,0,0,0,0,0.00354825,0.00354825,0.00354825,0.0146485,0.0146485,0.0146485,observed,1.372983,observed,27.2915,2,60.8728,32.50636,102.624
California,2020-02-22,0,0,0,0,0,0,0,0,0,0,0,0,0,0,0,0,0,0,0,0,0,0,0,0,0,0,0,0.004674529,0.004674529,0.004674529,0.01932303,0.01932303,0.01932303,observed,1.562823,observed,29.27897,5,77.65996,41.98826,129.7983
California,2020-02-23,0,0,0,0,0,0,0,0,0,0,0,0,0,0,0,0,0,0,0,0,0,0,0,0,0,0,0,0.00615831,0.00615831,0.00615831,0.02548134,0.02548134,0.02548134,observed,1.733458,observed,31.28758,0,98.622,53.95373,163.3939
California,2020-02-24,0,0,0,0,0,0,0,0,0,0,0,0,0,0,0,0,0,0,0,0,0,0,0,0,0,0,0,0.008113071,0.008113071,0.008113071,0.03359441,0.03359441,0.03359441,observed,1.864143,observed,33.32774,0,124.6428,68.97234,205.1135
California,2020-02-25,0,0,0,0,0,0,0,0,0,0,0,0,0,0,0,0,0,0,0,0,0,0,0,0,0,0,0,0.01068831,0.01068831,0.01068831,0.04428272,0.04428272,0.04428272,observed,1.929704,observed,35.42849,0,156.7446,88.14263,255.9057
California,2020-02-26,0,0,0,0,0,0,0,0,0,0,0,0,0,0,0,0,0,0,0,0,0,0,0,0,0,0,0,0.01408098,0.01408098,0.01408098,0.0583637,0.0583637,0.0583637,observed,1.911506,observed,37.64374,0,196.0952,112.1929,316.404
California,2020-02-27,0,0,0,0,0,0,0,0,0,0,0,0,0,0,0,0,0,0,0,0,0,0,0,0,0,0,0,0.01855055,0.01855055,0.01855055,0.07691425,0.07691425,0.07691425,observed,1.804852,observed,40.05408,1,244.0108,141.3513,390.4106
California,2020-02-28,0,0,0,0,0,0,0,0,0,0,0,0,0,0,0,0,0,0,0,0,0,0,0,0,0,0,0,0.02443884,0.02443884,0.02443884,0.1013531,0.1013531,0.1013531,observed,1.620793,observed,42.76112,0,301.9532,177.4922,478.5852
California,2020-02-29,0,0,0,0,0,0,0,0,0,0,0,0,0,0,0,0,0,0,0,0,0,0,0,0,0,0,0,0.03219619,0.03219619,0.03219619,0.1335493,0.1335493,0.1335493,observed,1.378179,observed,45.88388,1,371.5193,221.3905,587.0079
California,2020-03-01,0,0,0,0,0,0,0,0,0,0,0,0,0,0,0,0,0,0,0,0,0,0,0,0,0,0,0,0.04241587,0.04241587,0.04241587,0.1759651,0.1759651,0.1759651,observed,1.101591,observed,49.58433,0,454.4215,274.5006,710.2454
California,2020-03-02,0,0,0,0,0,0,0,0,0,0,0,0,0,0,0,0,0,0,0,0,0,0,0,0,0,0,0,0.05587947,0.05587947,0.05587947,0.2318446,0.2318446,0.2318446,observed,0.8236303,observed,54.15811,9,552.4566,339.4979,851.9141
California,2020-03-03,0,0,0,0,0,0,0,0,0,0,0,0,0,0,0,0,0,0,0,0,0,0,0,0,0,0,0,0.0735422,0.0735422,0.0735422,0.3053868,0.3053868,0.3053868,observed,0.5593987,observed,60.20776,4,667.4622,415.3252,1022.214
California,2020-03-04,0,0,0,0,0,0,0,0,0,0,0,0,0,0,0,0,0,0,0,0,0,1,1,1,1,1,1,0.09650877,0.09650877,0.09650877,0.4018956,0.4018956,0.4018956,observed,0.2984889,observed,68.88246,10,801.2609,503.272,1216.203
California,2020-03-05,0,0,0,0,0,0,0,0,0,0,0,0,0,0,0,0,0,0,0,0,0,0,0,0,1,1,1,0.1262525,0.1262525,0.1262525,0.5281481,0.5281481,0.5281481,observed,0.006732518,observed,82.15412,16,955.5936,606.8813,1432.111
California,2020-03-06,4.5,2,14.5,1,1,1,1,1,1,4.5,2,14.5,1,1,1,0,0,0,0,0,0,0,0,0,1,1,1,0.164614,0.164614,0.164614,0.6927621,0.6927621,0.6927621,observed,-0.3724699,observed,103.1128,8,1132.045,724.01,1674.923
California,2020-03-07,8.9,4,19,2,2,2,2,2,2,4.5,2,14.5,1,1,1,0,0,0,0,0,0,0,0,0,1,1,1,0.2138739,0.2138739,0.2138739,0.906636,0.906636,0.906636,observed,-0.9106722,observed,136.1799,23,1331.962,862.559,1942.625
California,2020-03-08,13.4,7,25,3,3,3,3,3,3,4.5,2,14.5,1,1,1,0,0,0,0,0,0,0,0,0,1,1,1,0.2768367,0.2768367,0.2768367,1.183473,1.183473,1.183473,observed,-1.689902,observed,186.8771,16,1556.366,1028.132,2252.852
California,2020-03-09,17.8,10,34.5,4.3,4,5.5,4.2,4,5.5,4.5,2,14.5,1.3,1,2.5,0,0,0,0,0,0,0,0,0,1,1,1,0.3569233,0.3569233,0.3569233,1.540396,1.540396,1.540396,observed,-2.798998,observed,260.5784,6,1805.875,1212.956,2586.208
California,2020-03-10,22.2,13.5,38.5,5.6,5,7.5,5.5,5,7,4.4,2,14.5,1.3,1,2.5,0,0,0,0,0,0,1,1,1,2,2,2,0.4582708,0.4582708,0.4582708,1.998667,1.998667,1.998667,observed,-4.320877,observed,360.2793,40,2080.619,1416.346,2944.161
California,2020-03-11,31,19.5,48,7.9,7,9.5,7.7,7,9,8.8,4,19.5,2.3,2,3.5,0,0,0,0,0,0,1,1,1,3,3,3,0.5858363,0.5858363,0.5858363,2.584503,2.584503,2.584503,observed,-6.321622,observed,484.971,33,2380.161,1646.198,3327.082
California,2020-03-12,38.9,26,61,9.2,8,11.5,8.9,8,10.5,8.9,4,19.5,2.3,2,3.5,0,0,0,0,0,0,1,1,1,4,4,4,0.7455003,0.7455003,0.7455003,3.330003,3.330003,3.330003,observed,-8.84144,observed,630.7588,44,2703.439,1904.503,3741.27
California,2020-03-13,48.1,33,72,11.5,10,14,11.1,10,13,13.4,7,29.5,3.3,3,4.5,0,0,0,0,0,0,0,0,0,4,4,4,0.9441642,0.9441642,0.9441642,4.274168,4.274168,4.274168,observed,-11.89023,observed,794.3118,61,3048.749,2176.866,4141.61
California,2020-03-14,57.1,40.5,81,14.1,12.5,16.5,13.5,12,15.5,13.1,7,23.5,3.6,3,5,0,0,0,0,0,0,1,1,1,5,5,5,1.189833,1.189833,1.189833,5.464001,5.464001,5.464001,observed,-15.44254,observed,975.4757,58,3413.77,2482.146,4570.644
California,2020-03-15,70.7,51.5,97.5,17.7,15.5,20.5,17,15,19.5,17.8,10.5,35,4.6,4,6.5,0,0,0,0,0,0,1,1,1,6,6,6,1.491677,1.491677,1.491677,6.955678,6.955678,6.955678,observed,-19.41605,observed,1177.039,86,3795.594,2811.899,5010.315
California,2020-03-16,88.9,66,118.5,22.6,20,26.5,21.7,19.5,24.5,22.3,13.5,39,5.9,5,8,0,0,0,0,0,0,1,1,1,7,7,7,1.860062,1.860062,1.860062,8.81574,8.81574,8.81574,observed,-23.66939,observed,1403.104,131,4190.807,3145.849,5438.592
California,2020-03-17,110.6,83.5,144.5,27.6,24.5,31.5,26.4,24,30,26.8,17,44,6.9,6,9,0,0,0,0,0,0,5,5,5,12,12,12,2.306543,2.306543,2.306543,11.12228,11.12228,11.12228,observed,-28.01885,observed,1658.808,141,4595.624,3501.003,5896.545
California,2020-03-18,133,102.5,170.5,33.8,30.5,38.5,32.3,29.5,36,30.6,19.5,50.5,8.2,7,10.5,0,0,0,0,0,0,1,1,1,13,13,13,2.84379,2.84379,2.84379,13.96607,13.96607,13.96607,observed,-32.26862,observed,1952.563,53,5005.994,3873.046,6354.889
California,2020-03-19,164.1,129.5,206.5,41.3,37.5,46.5,39.4,36.5,43.5,40.4,26.5,63,10.5,9,13.5,0,0,0,0,0,0,5,5,5,18,18,18,3.485433,3.485433,3.485433,17.45151,17.45151,17.45151,observed,-36.24139,observed,2299.313,201,5417.709,4240.832,6770.828
California,2020-03-20,196.6,158,246,50.2,45.5,55.5,47.8,44,52.5,45,30.5,68,11.9,10,14.5,0,0,0,0,0,0,5,5,5,23,23,23,4.245819,4.245819,4.245819,21.69732,21.69732,21.69732,observed,-39.79705,observed,2721.852,225,5826.527,4617.869,7186.481
California,2020-03-21,237.9,195,288,60.3,55,66,57.3,53.5,62,54.4,38,80.5,14.1,12,17,0,0,0,0,0,0,1,1,1,24,24,24,5.13967,5.13967,5.13967,26.83699,26.83699,26.83699,observed,-42.84095,observed,3247.746,187,6228.306,4995.663,7623.53
California,2020-03-22,282.9,235.5,340,71.8,66,78,68.2,63.5,73.5,62.6,43.5,92.5,16.8,14.5,20,0,0,0,0,0,0,6,6,6,30,30,30,6.181622,6.181622,6.181622,33.01862,33.01862,33.01862,observed,-45.32904,observed,3901.154,282,6619.084,5404.292,8048.595
California,2020-03-23,332.2,281.5,392,84.6,78.5,92,80.2,75.5,86,71.1,51,99,19.1,16.5,23,0,0,0,0,0,0,9,9,9,39,39,39,7.385673,7.385673,7.385673,40.40429,40.40429,40.40429,observed,-47.26427,observed,4690.661,462,6995.181,5739.255,8403.401
California,2020-03-24,390.7,334,460,100.1,93.5,108,94.7,89,101,84.5,61,114,22.7,20,26,0,0,0,0,0,0,11,11,11,50,50,50,8.764538,8.764538,8.764538,49.16883,49.16883,49.16883,observed,-48.68984,observed,5596.715,430,7353.311,6078.849,8796.366
California,2020-03-25,453.2,393.5,523,116,108.5,125,109.7,103.5,117,93,68,125,25.3,22.5,29,0,0,0,0,0,0,15,15,15,65,65,65,10.32901,10.32901,10.32901,59.49784,59.49784,59.49784,observed,-49.68007,observed,6564.856,460,7690.661,6387.144,9136.135
California,2020-03-26,521.7,455.5,599,134.6,126,144,127,120,135,107.3,79.5,143,28.9,25.5,33,0,0,0,0,0,0,16,16,16,81,81,81,12.08733,12.08733,12.08733,71.58516,71.58516,71.58516,observed,-50.32872,observed,7511.154,901,8004.967,6696.808,9443.809
California,2020-03-27,597.2,528,675,154.8,146,164.5,145.9,138.5,154.5,119.7,91.5,153,32.7,29.5,37,0,0,0,0,0,0,13,13,13,94,94,94,14.04449,14.04449,14.04449,85.62965,85.62965,85.62965,observed,-50.73657,observed,8341.482,758,8294.561,6956.707,9734.635
California,2020-03-28,677.4,598,753.5,176.6,166.5,187.5,166.1,158.5,175.5,133.1,105,169,36.4,32.5,41.5,0,0,0,0,0,0,16,16,16,110,110,110,16.20148,16.20148,16.20148,101.8311,101.8311,101.8311,observed,-51.00154,observed,8978.793,438,8558.373,7183.376,9961.045
California,2020-03-29,763.9,683,846,199.9,189,211.5,187.8,179.5,197.5,147.1,117,183.5,40.2,36.5,45,0,0,0,0,0,0,14,14,14,124,124,124,18.5549,18.5549,18.5549,120.386,120.386,120.386,observed,-51.21066,observed,9386.69,757,8795.877,7386.473,10268.37
California,2020-03-30,854.8,767,945.5,224.1,212,236.5,210.1,200.5,220,160.4,128,204,44.2,40,49,0,0,0,0,0,0,22,22,22,146,146,146,21.09631,21.09631,21.09631,141.4823,141.4823,141.4823,observed,-51.43245,observed,9578.231,1286,9007.018,7628.062,10484.51
California,2020-03-31,948.3,854,1039,249.9,237.5,263,233.9,224,244.5,174.8,139.5,217.5,48,44,53,0,0,0,0,0,0,27,27,27,173,173,173,23.81173,23.81173,23.81173,165.2941,165.2941,165.2941,observed,-51.71439,observed,9606.527,1072,9192.167,7811.595,10667.79
California,2020-04-01,1045.5,950,1146,276.5,263,290,258.2,247.5,269.5,187.4,148,237.5,52.1,47.5,58,0,0,0,0,0,0,26,26,26,199,199,199,26.68174,26.68174,26.68174,191.9758,191.9758,191.9758,observed,-52.08222,observed,9544.049,1189,9352.034,7963.214,10784.5
California,2020-04-02,1146.1,1052.5,1244,304.5,290,319.5,283.8,272,296.5,204.6,167,253,56.9,52,63.5,0,0,0,0,0,0,39,39,39,238,238,238,29.68247,29.68247,29.68247,221.6583,221.6583,221.6583,observed,-52.53936,observed,9461.798,1374,9487.593,8093.835,10927.34
California,2020-04-03,1248.6,1148,1348.5,333.4,318,348.5,310.1,297.5,323,218,181.5,263,61,56,67,0,0,0,0,0,0,27,27,27,265,265,265,32.78681,32.78681,32.78681,254.4451,254.4451,254.4451,observed,-53.0668,observed,9415.841,1231,9600.017,8212.236,11016.16
California,2020-04-04,1350.5,1249.9,1452,362.3,346.5,378.5,336.5,323.5,350,230.2,187,275.5,64.8,59.5,72,0,0,0,0,0,0,24,24,24,289,289,289,35.96423,35.96423,35.96423,290.4093,290.4093,290.4093,observed,-53.62647,observed,9441.99,833,9690.634,8306.546,11120.89
California,2020-04-05,1454.7,1345,1564.5,392.1,376,409,363.5,350,378.5,245.9,204,296,68.9,63.5,76,0,0,0,0,0,0,59,59,59,348,348,348,39.18132,39.18132,39.18132,329.5907,329.5907,329.5907,observed,-54.16633,observed,9556.053,2197,9760.88,8371.013,11183.78
California,2020-04-06,1555.4,1442.5,1666.1,421.2,404,440,389.6,375,405,255.1,209.5,308.5,71.9,66,78.5,0,0,0,0,0,0,32,32,32,380,380,380,42.40469,42.40469,42.40469,371.9953,371.9953,371.9953,observed,-54.62755,observed,9757.121,985,9812.259,8463.212,11234.46
California,2020-04-07,1656,1543,1773.1,450.6,432,469.5,416,400,432,268.4,224,320.5,75.6,69.5,82.5,0,0,0,0,0,0,52,52,52,432,432,432,45.60111,45.60111,45.60111,417.5965,417.5965,417.5965,observed,-54.95624,observed,10032.81,1332,9846.295,8533.139,11248.94
California,2020-04-08,1755.2,1632.9,1885,479.6,460.5,500,441.8,425.5,459,280.7,237,334.5,79.8,73,88,0,0,0,0,0,0,63,63,63,495,495,495,48.73798,48.73798,48.73798,466.3344,466.3344,466.3344,observed,-55.11486,observed,10365.6,1546,9864.498,8567.879,11260.98
California,2020-04-09,1849,1726.5,1983,507.3,486.5,528.5,466.4,450,484,290.6,244.5,339,82.5,76.5,90,0,0,0,0,0,0,49,49,49,544,544,544,51.78402,51.78402,51.78402,518.1185,518.1185,518.1185,observed,-55.08865,observed,10738.89,813,9868.37,8573.217,11270.34
California,2020-04-10,1937.4,1813,2077.5,534.4,513,556.5,490.3,472.5,508.5,298.2,252,353.5,85.5,78.5,93.5,0,0,0,0,0,0,39,39,39,583,583,583,54.71026,54.71026,54.71026,572.8287,572.8287,572.8287,observed,-54.8878,observed,11140.96,1371,9859.405,8601.526,11273.2
California,2020-04-11,2021.8,1892,2158.5,560.4,537.5,584,513.1,496,532,306.3,255,365,88.2,81.5,96,0,0,0,0,0,0,21,21,21,604,604,604,57.49061,57.49061,57.49061,630.3193,630.3193,630.3193,observed,-54.54691,observed,11566.52,625,9839.074,8600.128,11251.35
California,2020-04-12,2098,1971,2242.1,585.2,562,610,534.8,515.5,555,312.1,263,374,90,83,97.5,0,0,0,0,0,0,36,36,36,640,640,640,60.1031,60.1031,60.1031,690.4224,690.4224,690.4224,observed,-54.11556,observed,12017.59,1089,9808.806,8591.214,11265.09
California,2020-04-13,2173.6,2039.5,2318,608.7,585,633.5,555.2,535.5,575.5,322,274,379,92.5,85.5,100.5,0,0,0,0,0,0,74,74,74,714,714,714,62.53098,62.53098,62.53098,752.9534,752.9534,752.9534,observed,-53.64638,observed,12506.5,1136,9769.984,8549.662,11285.85
California,2020-04-14,2240.4,2105,2383.5,629.6,605.5,655.5,573.3,552.5,593.5,326.2,274.5,380,94,86.5,102,0,0,0,0,0,0,53,53,53,767,767,767,64.76185,64.76185,64.76185,817.7153,817.7153,817.7153,observed,-53.19069,observed,13061.9,1425,9723.919,8504.957,11246.09
California,2020-04-15,2300,2159.5,2444.1,649.1,624.5,676,589.9,569.5,611,330.3,280.5,387.5,95.3,88,103.5,0,0,0,0,0,0,93,93,93,860,860,860,66.78793,66.78793,66.78793,884.5032,884.5032,884.5032,observed,-52.78905,observed,13735.31,1330,9671.837,8480.067,11125.59
California,2020-04-16,2355.2,2213.5,2496,667,643,694.5,605.3,584.5,627,336,286,397,97,89.5,105,0,0,0,0,0,0,96,96,96,956,956,956,68.60618,68.60618,68.60618,953.1094,953.1094,953.1094,observed,-52.46377,observed,14602.76,991,9614.855,8432.275,11075.83
California,2020-04-17,2400,2261,2551.5,682.6,657,710.5,618.4,597.5,641,333.6,282.5,392.6,97.4,90,106,0,0,0,0,0,0,81,81,81,1037,1037,1037,70.21786,70.21786,70.21786,1023.327,1023.327,1023.327,observed,-52.21957,observed,15757.11,1480,9553.964,8406.528,11038.98
California,2020-04-18,2442.1,2301.5,2595,697.5,671.5,725,630.9,609.5,653.5,338.5,287.5,396.5,98.7,91,107,0,0,0,0,0,0,103,103,103,1140,1140,1140,71.62717,71.62717,71.62717,1094.954,1094.954,1094.954,observed,-52.04858,observed,17289.72,1334,9490.024,8352.388,10977.66
California,2020-04-19,2479.5,2337.5,2619.5,709.8,682.5,736.5,641.2,619,664,341.1,286.5,404.5,99.2,91.5,107.5,0,0,0,0,0,0,37,37,37,1177,1177,1177,72.8396,72.8396,72.8396,1167.794,1167.794,1167.794,observed,-51.93252,observed,19263.21,940,9423.781,8250.28,10875.07
California,2020-04-20,2509.9,2368.5,2654.1,721,694,749,650.5,628.5,674,343.4,294,402.5,99.8,92.5,108.5,0,0,0,0,0,0,48,48,48,1225,1225,1225,73.86306,73.86306,73.86306,1241.657,1241.657,1241.657,observed,-51.84184,observed,21678.56,2255,9355.871,8168.177,10773.61
California,2020-04-21,2537,2396.5,2700.1,730.2,704,759,658.1,636,681.5,344.6,292,405.5,100,93,108.5,0,0,0,0,0,0,57,57,57,1282,1282,1282,74.70719,74.70719,74.70719,1316.364,1316.364,1316.364,observed,-51.74245,observed,24444.33,1779,9286.836,8132.123,10674.46
California,2020-04-22,2557.6,2418,2717.6,737.9,711.5,767.5,664.2,643,688.5,343.1,294,397,100.2,92.5,108.5,0,0,0,0,0,0,139,139,139,1421,1421,1421,75.3832,75.3832,75.3832,1391.747,1391.747,1391.747,observed,-51.60612,observed,27361.7,1879,9217.147,8099.235,10550.39
California,2020-04-23,2572.2,2441,2729.1,744.7,717,773.5,669.8,646.5,694.5,342.2,291.5,399,100.3,92.5,108.5,0,0,0,0,0,0,112,112,112,1533,1533,1533,75.90336,75.90336,75.90336,1467.651,1467.651,1467.651,observed,-51.41338,observed,30142.3,2217,9147.224,8026.791,10418.15
California,2020-04-24,2582.8,2451,2732.5,749.1,721.5,779.5,673.1,648.5,697,338,289.5,394.5,99.6,92,108.5,0,0,0,0,0,0,88,88,88,1621,1621,1621,76.27907,76.27907,76.27907,1543.93,1543.93,1543.93,observed,-51.15571,observed,32467.51,1794,9077.458,7972.255,10311.39
California,2020-04-25,2590,2453,2727.6,752.5,725,781,675.7,651.5,700.5,339.5,289,397,99.4,92,108,0,0,0,0,0,0,68,68,68,1689,1689,1689,76.52162,76.52162,76.52162,1620.452,1620.452,1620.452,observed,-50.83611,observed,34077.74,1013,9008.213,7886.857,10208.03
California,2020-04-26,2593.7,2461,2737,754.3,728,784.5,676.9,654,702.5,340,285.5,396,99.3,92,108,0,0,0,0,0,0,36,36,36,1725,1725,1725,76.64276,76.64276,76.64276,1697.094,1697.094,1697.094,observed,-50.46575,observed,34855.7,1190,8939.817,7823.372,10137.53
California,2020-04-27,2588.1,2450.5,2738.5,754.5,727,784,676.6,653.5,702.5,333,284,394.5,98.3,90,107,0,0,0,0,0,0,54,54,54,1779,1779,1779,76.65439,76.65439,76.65439,1773.749,1773.749,1773.749,observed,-50.05827,observed,34861.18,1408,8872.575,7780.455,10066.24
California,2020-04-28,2582,2443.5,2738.5,754.5,727,785.5,676,653,701,334.1,283,390.5,98.3,90.5,107,0,0,0,0,0,0,85,85,85,1864,1864,1864,76.5678,76.5678,76.5678,1850.316,1850.316,1850.316,observed,-49.6299,observed,34299.17,1198,8806.777,7728.326,10039.5
California,2020-04-29,2576,2433.5,2724,753.9,725.5,783.5,675.1,651,699.5,333.8,285.5,394.5,98.4,91,107,0,0,0,0,0,0,82,82,82,1946,1946,1946,76.39401,76.39401,76.39401,1926.71,1926.71,1926.71,observed,-49.20165,observed,33444.1,2583,8742.698,7660.835,9959.748
California,2020-04-30,2567,2429.5,2713.5,752.4,724,783,673.4,649.5,699,329.3,279,386,96.8,89.5,105,0,0,0,0,0,0,85,85,85,2031,2031,2031,76.14401,76.14401,76.14401,2002.854,2002.854,2002.854,observed,-48.79788,observed,32561.99,1383,8680.603,7576.25,9912.666
California,2020-05-01,2562,2430,2715,750.5,722.5,780.5,671.4,648,696,330.8,282.5,386.5,96.8,89.5,105.5,0,0,0,0,0,0,95,95,95,2126,2126,2126,75.82871,75.82871,75.82871,2078.683,2078.683,2078.683,observed,-48.44314,observed,31859.86,1896,8620.756,7524.741,9855.317
California,2020-05-02,2548.8,2415,2695.1,747.2,718.5,778.5,668.2,644,692,324.3,276,381.5,95.9,89,104,0,0,0,0,0,0,54,54,54,2180,2180,2180,75.45859,75.45859,75.45859,2154.142,2154.142,2154.142,observed,-48.15821,observed,31465.86,1321,8563.411,7472.342,9816.05
California,2020-05-03,2536.9,2401.9,2683,744.8,717,774,666,642.5,690.5,325.7,277.5,387.5,95.5,88,104,0,0,0,0,0,0,36,36,36,2216,2216,2216,75.04326,75.04326,75.04326,2229.185,2229.185,2229.185,observed,-47.95344,observed,31430.84,1556,8508.825,7403.509,9777.587
California,2020-05-04,2525.1,2384.5,2675,741.5,713.5,770.5,662.7,640,686.5,320.8,269,378,94.7,88,103,0,0,0,0,0,0,62,62,62,2278,2278,2278,74.59082,74.59082,74.59082,2303.776,2303.776,2303.776,observed,-47.82106,observed,31741.33,981,8457.249,7319.709,9747.34
California,2020-05-05,2509,2371,2662.1,736.3,707.5,765.5,657.9,634.5,682,317.8,268,375,93.1,86,101,0,0,0,0,0,0,103,103,103,2381,2381,2381,74.10881,74.10881,74.10881,2377.885,2377.885,2377.885,observed,-47.73691,observed,32339.39,2572,8408.941,7258.702,9668.834
California,2020-05-06,2493,2352.4,2654,732.4,704,760.5,654.2,632,678.5,317.1,269.5,374.5,93.4,86,102,0,0,0,0,0,0,83,83,83,2464,2464,2464,73.60394,73.60394,73.60394,2451.489,2451.489,2451.489,observed,-47.67096,observed,33146.12,2160,8364.165,7194.583,9641.249
California,2020-05-07,2474.5,2333.5,2624.6,726.7,698.5,754.5,649,626.5,673,311.2,262.5,370.5,91.9,85,100.5,0,0,0,0,0,0,71,71,71,2535,2535,2535,73.08196,73.08196,73.08196,2524.571,2524.571,2524.571,observed,-47.59597,observed,34084.33,1532,8323.194,7119.122,9611.031
California,2020-05-08,2456.8,2318.5,2616.1,722.2,695,750,644.8,622,669,312.4,263.5,366,91.9,84.5,100,0,0,0,0,0,0,78,78,78,2613,2613,2613,72.54735,72.54735,72.54735,2597.118,2597.118,2597.118,observed,-47.49235,observed,35094.08,1631,8286.307,7066.295,9549.86
California,2020-05-09,2439.9,2299,2591.1,716.5,688.5,744.5,639.5,617.5,665.5,308.6,258.5,366,90.7,83.5,99,0,0,0,0,0,0,74,74,74,2687,2687,2687,72.00381,72.00381,72.00381,2669.122,2669.122,2669.122,observed,-47.34838,observed,36137.7,2779,8253.791,7025.553,9499.839
California,2020-05-10,2423.6,2286,2570,711.4,684.5,741,634.9,612.5,660.5,309.3,262.5,367,90.1,83,98.5,0,0,0,0,0,0,29,29,29,2716,2716,2716,71.4548,71.4548,71.4548,2740.577,2740.577,2740.577,observed,-47.15505,observed,37195.92,1042,8225.936,7031.957,9448.139
California,2020-05-11,2404.2,2268,2550.6,706.6,679.5,735.5,630.5,607.5,655,302.1,256.5,356,89.5,82.5,98,0,0,0,0,0,0,63,63,63,2779,2779,2779,70.90365,70.90365,70.90365,2811.48,2811.48,2811.48,observed,-46.89921,observed,38260.56,1729,8203.033,7039.655,9429.29
California,2020-05-12,2388,2256,2533,701.3,673.5,731.5,625.8,602.5,651,303.2,254,363,89.1,82,97,0,0,0,0,0,0,100,100,100,2879,2879,2879,70.3535,70.3535,70.3535,2881.834,2881.834,2881.834,observed,-46.56582,observed,39328.27,1649,8185.381,7047.816,9389.36
California,2020-05-13,2369.5,2238.5,2511.1,696.6,669,726.5,621.5,598,645.5,299.1,252.5,354.5,88.1,81,96.5,0,0,0,0,0,0,78,78,78,2957,2957,2957,69.80713,69.80713,69.80713,2951.641,2951.641,2951.641,observed,-46.14641,observed,40397.02,1820,8173.283,7056.933,9299.385
California,2020-05-14,2354.7,2224.5,2503.5,691.4,663.5,723.5,616.9,595,641,298.6,251,354.5,87.7,80.5,95.5,0,0,0,0,0,0,95,95,95,3052,3052,3052,69.26715,69.26715,69.26715,3020.908,3020.908,3020.908,observed,-45.64206,observed,41465.03,2073,8167.036,7064.119,9237.976
California,2020-05-15,2334.9,2203.5,2494,686.3,659,716.5,612.3,589.5,636.5,293.5,248,344.5,86.8,80,95,0,0,0,0,0,0,84,84,84,3136,3136,3136,68.73603,68.73603,68.73603,3089.644,3089.644,3089.644,observed,-45.0638,observed,42530.56,1822,8166.114,7062.112,9245.544
California,2020-05-16,2319,2184,2470,681.5,654,712.5,607.9,585.5,631.5,295,245.5,351,86.6,79.5,94,0,0,0,0,0,0,72,72,72,3208,3208,3208,68.21606,68.21606,68.21606,3157.86,3157.86,3157.86,observed,-44.43458,observed,43591.97,2032,8169.666,7151.257,9214.549
California,2020-05-17,2299.1,2165,2443.5,676.3,649.5,707,603.3,580.5,627,290.1,244,342.5,85.6,78,93.5,0,0,0,0,0,0,32,32,32,3240,3240,3240,67.70953,67.70953,67.70953,3225.57,3225.57,3225.57,observed,-43.78632,observed,44647.12,1441,8176.619,7176.547,9247.673
California,2020-05-18,2285.1,2140.5,2427,671.4,643.5,703,598.9,576,622.5,290.3,242,348,85.1,78,93,0,0,0,0,0,0,39,39,39,3279,3279,3279,67.21867,67.21867,67.21867,3292.788,3292.788,3292.788,observed,-43.15056,observed,45691.96,1291,8185.866,7197.821,9278.027
California,2020-05-19,2269.8,2126,2417.5,667.4,640,700,595.5,572.5,619.5,289,241,343,85.4,78.5,93.5,0,0,0,0,0,0,124,124,124,3403,3403,3403,66.74565,66.74565,66.74565,3359.534,3359.534,3359.534,observed,-42.55405,observed,46718.26,2295,8195.83,7186.3,9328.137
California,2020-05-20,2255.1,2118,2410.1,662.4,635,693,590.9,569,614.5,286.2,237,341,83.9,76.5,91.5,0,0,0,0,0,0,94,94,94,3497,3497,3497,66.29259,66.29259,66.29259,3425.826,3425.826,3425.826,observed,-42.02019,observed,47711.7,2245,8205.315,7148.469,9400.475
California,2020-05-21,2241.2,2108.5,2393.5,658.6,631.5,689,587.5,564.5,612.5,285.9,239,342.5,84,77.5,92,0,0,0,0,0,0,86,86,86,3583,3583,3583,65.86153,65.86153,65.86153,3491.688,3491.688,3491.688,observed,-41.56767,observed,48651.85,2034,8213.135,7102.067,9444.967
California,2020-05-22,2231.2,2106.5,2369,654.6,628,685,584.1,561.5,608,285.4,239.5,343,83.7,76.5,91.5,0,0,0,0,0,0,83,83,83,3666,3666,3666,65.45446,65.45446,65.45446,3557.142,3557.142,3557.142,observed,-41.20749,observed,49515.72,2221,8217.936,7025.113,9488.832
California,2020-05-23,2221.9,2091.4,2359.6,652.2,624.5,682,582.1,558.5,605.5,286.6,240,338.5,83.7,77,92,0,0,0,0,0,0,72,72,72,3738,3738,3738,65.07348,65.07348,65.07348,3622.216,3622.216,3622.216,observed,-40.93951,observed,50284.12,2287,8217.65,6967.858,9542.896
California,2020-05-24,2213.4,2077,2348.5,648.2,619.5,679,578.8,555.5,603,283.6,239,336.5,82.5,76,90,0,0,0,0,0,0,16,16,16,3754,3754,3754,64.7208,64.7208,64.7208,3686.937,3686.937,3686.937,observed,-40.74962,observed,50947.93,1481,8208.31,6897.083,9642.374
California,2020-05-25,2203.6,2079,2350,644.6,617.5,673.5,575.5,552,599.5,282.3,236.5,338.5,82.5,75.5,90,0,0,0,0,0,0,15,15,15,3769,3769,3769,64.39873,64.39873,64.39873,3751.335,3751.335,3751.335,observed,-40.60242,observed,51510.57,2380,8192.545,6802.8,9696.799
California,2020-05-26,2194.5,2066.9,2337.5,642.2,614.5,671.5,573.6,550,598,280.9,236.5,333.5,82.7,75.5,90.5,0,0,0,0,0,0,50,50,50,3819,3819,3819,64.1096,64.1096,64.1096,3815.445,3815.445,3815.445,observed,-40.45202,observed,51984.79,2987,8168.158,6721.394,9794.476
California,2020-05-27,2188,2061,2331.1,640,611,668.5,571.7,549.5,595,281.2,233,338,82.5,74.5,90.5,0,0,0,0,0,0,76,76,76,3895,3895,3895,63.85572,63.85572,63.85572,3879.301,3879.301,3879.301,observed,-40.26829,observed,52385.83,1663,8143.091,6639.545,9895.188
California,2020-05-28,2180.9,2047,2318.5,637.4,609,667,569.7,548,593,280.7,237.5,336.5,82.3,75.5,90,0,0,0,0,0,0,98,98,98,3993,3993,3993,63.63943,63.63943,63.63943,3942.94,3942.94,3942.94,observed,-40.04072,observed,52725.34,2763,8120.932,6566.532,10013.38
California,2020-05-29,2173.8,2040.5,2315.1,635,608,664.5,567.6,546.5,592,280,233,333.5,82.1,75,90.5,0,0,0,0,0,0,84,84,84,4077,4077,4077,63.46311,63.46311,63.46311,4006.403,4006.403,4006.403,observed,-39.77542,observed,53009.85,2809,8088.569,6483.097,10027.23
California,2020-05-30,2168.8,2034,2303.1,633.8,607,663.5,566.7,545,589.5,282,236.5,334,82.4,75.5,90,0,0,0,0,0,0,67,67,67,4144,4144,4144,63.32915,63.32915,63.32915,4069.733,4069.733,4069.733,observed,-39.48719,observed,53243.91,3273,8045.202,6406.034,10045.37
California,2020-05-31,2165.6,2026.5,2304,633,606,661,566.1,544.5,589.5,281.6,236.5,335.5,82.3,75,89.5,0,0,0,0,0,0,28,28,28,4172,4172,4172,63.24001,63.24001,63.24001,4132.973,4132.973,4132.973,observed,-39.18613,observed,53434.74,2056,7998.182,6327.515,10044.22
California,2020-06-01,2168.3,2030.9,2306.5,632.9,606,660.5,566.3,544.5,588.5,286.5,242.5,340,83.3,76.5,91,0,0,0,0,0,0,45,45,45,4217,4217,4217,63.19823,63.19823,63.19823,4196.171,4196.171,4196.171,observed,-38.87518,observed,53594.18,2782,7947.626,6253.323,10035.05
California,2020-06-02,2171.4,2026,2311,633.2,608,660.5,566.9,545,589,285.5,237.5,337.5,83.2,76.5,91.5,0,0,0,0,0,0,88,88,88,4305,4305,4305,63.20641,63.20641,63.20641,4259.377,4259.377,4259.377,observed,-38.55953,observed,53736.28,2482,7893.534,6183.523,10053.13
California,2020-06-03,2176.1,2051.5,2314,633.3,607,660.5,567.2,546.5,589.5,287.1,242,340,83.1,76.5,91.5,0,0,0,0,0,0,69,69,69,4374,4374,4374,63.26665,63.26665,63.26665,4322.644,4322.644,4322.644,projected,-38.55953,projected,54156.09,2133,7828.028,6091.153,10021.61
California,2020-06-04,2179.9,2045.5,2331,634.4,607,664,568.3,545.5,592,285.4,223.5,354,83.9,72,96.5,0,0,0,0,0,0,70,70,70,4444,4444,4444,63.34655,63.34655,63.34655,4385.99,4385.99,4385.99,projected,-38.55953,projected,54575.9,2820,7752.052,6025.314,9962.481
California,2020-06-05,2184.2,2039.5,2359.5,635.2,602,670.5,569.2,539.5,601,285.3,222.5,358.5,83.4,71.5,96,0,0,0,0,0,0,85,85,85,4529,4529,4529,63.42652,63.42652,63.42652,4449.417,4449.417,4449.417,projected,-38.55953,projected,54995.71,3570,7664.367,5930.491,9929.833
California,2020-06-06,2185.1,2006.4,2385.1,636.3,594.5,681,570.2,532,609,283.6,217.5,358.6,83.7,70.5,98,0,0,0,0,0,0,77,77,77,4606,4606,4606,63.50657,63.50657,63.50657,4512.923,4512.923,4512.923,projected,-38.55953,projected,55415.51,2855,7563.931,5833.714,9881.133
California,2020-06-07,2186.9,1971,2419,636.3,583.5,689.5,570.2,520,619.5,285.3,222,362.5,83.4,68,101,0,0,0,0,0,0,26,26,26,4632,4632,4632,63.58669,63.58669,63.58669,4576.51,4576.51,4576.51,projected,-38.55953,projected,55835.32,2022,7459.502,5720.588,9817.811
California,2020-06-08,2184.6,1942,2463.6,636,571,706,569.8,507,635,284,216,362,83.4,66.5,101,0,0,0,0,0,0,25,25,25,4657,4657,4657,63.66689,63.66689,63.66689,4640.177,4640.177,4640.177,projected,-38.55953,projected,56255.13,3201,7351.163,5606.042,9735.703
California,2020-06-09,2183.5,1893,2509.2,635.6,557.5,719,569.4,494.5,647.5,284.6,213.5,364,83.1,66.5,101.5,0,0,0,0,0,0,63.95731,54.8735,73.98447,4704.134,4695.051,4714.161,63.95731,54.8735,73.98447,4704.134,4695.051,4714.161,projected,-38.55953,projected,56674.94,,7239.358,5494.928,9628.588
California,2020-06-10,2180.6,1839.7,2573,635.4,548.5,726,569.1,488,654.5,284,212,380,83.1,65.5,104,0,0,0,0,0,0,63.99053,54.06356,74.7382,4768.125,4749.211,4788.995,63.99053,54.06356,74.7382,4768.125,4749.211,4788.995,projected,-38.55953,projected,57094.75,,7132.544,5397.554,9502.101
California,2020-06-11,2177.8,1810,2589.6,635.1,542,732.5,568.7,481.5,662.5,282.5,209.5,370,82.9,65.5,105,0,0,0,0,0,0,63.96816,53.24444,75.57277,4832.093,4802.369,4864.419,63.96816,53.24444,75.57277,4832.093,4802.369,4864.419,projected,-38.55953,projected,57514.56,,7032.238,5310.729,9414.085
California,2020-06-12,2174.4,1789,2604.1,634.5,536.5,739,567.9,474,669,282,203,368,82.7,64,105,0,0,0,0,0,0,63.90067,52.52251,76.08696,4895.994,4854.732,4940.695,63.90067,52.52251,76.08696,4895.994,4854.732,4940.695,projected,-38.55953,projected,57934.36,,6924.362,5224.851,9311.717
California,2020-06-13,2171.7,1771,2650.6,633.7,529.5,749,567.1,469,676.5,280.9,202,383.5,82.4,63.5,105.5,0,0,0,0,0,0,63.80086,51.8006,76.9795,4959.795,4906.804,5016.6,63.80086,51.8006,76.9795,4959.795,4906.804,5016.6,projected,-38.55953,projected,58354.17,,6808.094,5106.514,9194.774
California,2020-06-14,2166.3,1758.4,2662.1,632.5,522.5,757,565.9,461.5,683,279.4,200.5,369,81.9,63,105,0,0,0,0,0,0,63.6677,51.10052,77.56037,5023.462,4958.085,5093.828,63.6677,51.10052,77.56037,5023.462,4958.085,5093.828,projected,-38.55953,projected,58773.98,,6690.244,4987.153,9088.997
California,2020-06-15,2160.1,1727.4,2692.1,631.1,513,765.6,564.4,456,691.5,277.3,199,376.5,81.4,61,107.5,0,0,0,0,0,0,63.50045,50.41481,77.98011,5086.963,5008.433,5171.401,63.50045,50.41481,77.98011,5086.963,5008.433,5171.401,projected,-38.55953,projected,59193.79,,6570.492,4868.719,8982.511
California,2020-06-16,2150.8,1698.9,2711.6,629.5,504.5,778.5,562.8,447,701,275,196.5,380,81,60,107,0,0,0,0,0,0,63.30299,49.82684,78.51305,5150.266,5058.001,5250.311,63.30299,49.82684,78.51305,5150.266,5058.001,5250.311,projected,-38.55953,projected,59613.6,,6448.679,4763.045,8870.854
California,2020-06-17,2140.5,1665.5,2729,626.7,492,782.5,560.2,439,705,273.2,190.5,379.5,80.4,60,108,0,0,0,0,0,0,63.08077,48.90947,78.57175,5213.346,5107.308,5330.859,63.08077,48.90947,78.57175,5213.346,5107.308,5330.859,projected,-38.45991,projected,60033.41,,6334.538,4664.813,8714.134
California,2020-06-18,2130.2,1639.9,2743.7,623.8,486,792,557.4,432.5,709.5,271.9,183,379,79.6,58,108.5,0,0,0,0,0,0,62.82861,48.27953,79.41274,5276.175,5155.865,5409.611,62.82861,48.27953,79.41274,5276.175,5155.865,5409.611,projected,-38.35722,projected,60453.21,,6229.375,4566.022,8602.838
California,2020-06-19,2116.8,1610,2769,620.3,475.5,796.5,554.1,424.5,714.1,268.4,184,382,79.1,58,106,0,0,0,0,0,0,62.53616,47.727,80.06445,5338.711,5203.782,5487.513,62.53616,47.727,80.06445,5338.711,5203.782,5487.513,projected,-38.25153,projected,60873.02,,6119.486,4461.944,8483.738
California,2020-06-20,2100.9,1575,2761.4,616.4,471.5,804,550.4,420.4,719,264.5,178,372.1,78.2,55.5,107,0,0,0,0,0,0,62.20078,47.09159,80.7327,5400.912,5250.177,5567.225,62.20078,47.09159,80.7327,5400.912,5250.177,5567.225,projected,-38.14294,projected,61292.83,,6004.622,4348.96,8356.433
California,2020-06-21,2083.3,1530,2759,612.2,463,809,546.4,412,723,262.4,178,373.1,77.5,55,108.5,0,0,0,0,0,0,61.80401,46.37763,80.89864,5462.716,5296.651,5647.901,61.80401,46.37763,80.89864,5462.716,5296.651,5647.901,projected,-38.0315,projected,61712.64,,5889.991,4233.467,8227.555
California,2020-06-22,2064.7,1500.4,2769.1,607.5,455,812,542,404,726.5,258.8,175.5,373,76.5,55,109.5,0,0,0,0,0,0,61.3288,45.7667,81.32202,5524.045,5342.358,5727.576,61.3288,45.7667,81.32202,5524.045,5342.358,5727.576,projected,-37.91724,projected,62132.45,,5775.623,4119.4,8097.125
California,2020-06-23,2046.6,1480,2771.2,602,447.5,810,536.9,398,725.5,257.3,170.5,370,75.4,52.5,107.5,0,0,0,0,0,0,60.77741,44.90352,81.52482,5584.822,5387.63,5808.073,60.77741,44.90352,81.52482,5584.822,5387.63,5808.073,projected,-37.80019,projected,62552.25,,5661.574,4017.063,7965.249
California,2020-06-24,2025.2,1462,2797.5,596.4,437.5,805.6,531.7,388,724,252.1,167,375.6,74.7,52,108.5,0,0,0,0,0,0,60.16486,44.18478,81.8205,5644.987,5431.672,5887.854,60.16486,44.18478,81.8205,5644.987,5431.672,5887.854,projected,-37.6803,projected,62972.06,,5552.496,3926.867,7837.981
California,2020-06-25,2002.6,1440.4,2795.1,590.2,429.5,813,526,383,727,249.5,164,378.5,73.6,50.5,107,0,0,0,0,0,0,59.50108,43.32241,82.03883,5704.488,5474.533,5969.124,59.50108,43.32241,82.03883,5704.488,5474.533,5969.124,projected,-37.55754,projected,63391.87,,5449.339,3840.351,7709.761
California,2020-06-26,1981.2,1414.9,2801.5,583.9,423.4,814,520.2,375,726.5,247.3,160,370,72.7,49.5,107.5,0,0,0,0,0,0,58.80767,42.44881,82.02344,5763.296,5517.078,6049.514,58.80767,42.44881,82.02344,5763.296,5517.078,6049.514,projected,-37.43185,projected,63811.68,,5344.29,3755.196,7588.733
California,2020-06-27,1958.8,1388.4,2795.6,577.3,411,811.1,514.3,366.9,728,243,156,375.5,71.6,49.5,105.5,0,0,0,0,0,0,58.1155,41.48242,82.22324,5821.411,5558.811,6132.014,58.1155,41.48242,82.22324,5821.411,5558.811,6132.014,projected,-37.30318,projected,64231.49,,5236.846,3668.373,7462.282
California,2020-06-28,1933.9,1356.4,2798.2,570.7,405.9,811.6,508.3,358.5,726.1,238.2,155,363.5,70.7,47.5,107.5,0,0,0,0,0,0,57.41586,40.62414,82.28233,5878.827,5600.379,6214.68,57.41586,40.62414,82.28233,5878.827,5600.379,6214.68,projected,-37.17149,projected,64651.3,,5130.617,3577.76,7329.747
California,2020-06-29,1909.9,1322.5,2791.5,563.8,395.5,815.5,502,351,730,236.1,150.5,372.1,69.8,46,107,0,0,0,0,0,0,56.69385,39.72757,82.18992,5935.521,5640.409,6296.351,56.69385,39.72757,82.18992,5935.521,5640.409,6296.351,projected,-37.03674,projected,65071.1,,5025.565,3480.843,7198.596
California,2020-06-30,1883.2,1290.4,2786,556.7,386.5,816,495.5,343,728.5,231.9,145,362.6,68.6,46,108,0,0,0,0,0,0,55.95124,38.7909,81.97516,5991.472,5678.864,6376.303,55.95124,38.7909,81.97516,5991.472,5678.864,6376.303,projected,-36.89888,projected,65490.91,,4921.687,3391.155,7076.599
California,2020-07-01,1858.5,1262.4,2777.1,549.4,378.5,815,488.9,334,727.1,228.8,138.5,370.1,67.5,44,105,0,0,0,0,0,0,55.18101,37.89782,81.80641,6046.653,5716.961,6452.111,55.18101,37.89782,81.80641,6046.653,5716.961,6452.111,projected,-36.75787,projected,65910.72,,4822.223,3310.492,6959.509
California,2020-07-02,1831.6,1235,2740.9,541.9,370.9,816.5,482.2,327,727.6,223.9,137.5,356,66.6,43,106.5,0,0,0,0,0,0,54.37137,37.07657,81.48808,6101.025,5755.047,6531.214,54.37137,37.07657,81.48808,6101.025,5755.047,6531.214,projected,-36.61365,projected,66330.53,,4727.929,3234.322,6848.288
California,2020-07-03,1804.4,1198,2750.3,534.3,362,807.6,475.3,320.5,726.1,221.6,129,365.5,65.5,41.5,102.5,0,0,0,0,0,0,53.54955,36.2831,81.14162,6154.574,5792.923,6612.225,53.54955,36.2831,81.14162,6154.574,5792.923,6612.225,projected,-36.4662,projected,66750.34,,4633.396,3153.166,6732.117
California,2020-07-04,1777.7,1176.5,2742.3,526.5,356,808,468.2,313.5,717.6,217.8,128,365.6,64.4,41,102.5,0,0,0,0,0,0,52.74494,35.40145,80.84721,6207.319,5828.818,6689.458,52.74494,35.40145,80.84721,6207.319,5828.818,6689.458,projected,-36.31548,projected,67170.15,,4538.126,3062.613,6613.287
California,2020-07-05,1751.9,1165.9,2744.2,518.7,348.5,801.5,461.2,307.5,713.5,214.2,133,355.6,63.3,40.5,103.5,0,0,0,0,0,0,51.9501,34.64187,80.54563,6259.269,5864.558,6770.564,51.9501,34.64187,80.54563,6259.269,5864.558,6770.564,projected,-36.16143,projected,67589.95,,4444.518,2979.63,6502.119
California,2020-07-06,1725,1128.5,2757.5,511.1,338.5,794.5,454.3,299,709,211,126.5,353,62.4,38,102.5,0,0,0,0,0,0,51.15499,33.88967,79.95979,6310.424,5895.501,6849.197,51.15499,33.88967,79.95979,6310.424,5895.501,6849.197,projected,-36.00403,projected,68009.76,,4352.527,2906.119,6410.028
California,2020-07-07,1698.4,1114.2,2732.8,503.1,328,793.5,447.2,291.5,705,207.3,123.5,346,61.2,37.5,102,0,0,0,0,0,0,50.36123,33.11882,79.28794,6360.786,5929.239,6929.023,50.36123,33.11882,79.28794,6360.786,5929.239,6929.023,projected,-35.84324,projected,68429.57,,4262.128,2834.298,6292.242
California,2020-07-08,1670.6,1080,2713.7,495.5,322,789.5,440.3,285.9,700.5,203.3,117.5,345.5,60.3,37,101.5,0,0,0,0,0,0,49.56224,32.35864,78.75465,6410.348,5963.225,7011.676,49.56224,32.35864,78.75465,6410.348,5963.225,7011.676,projected,-35.67902,projected,68849.38,,4175.46,2765.394,6166.947
California,2020-07-09,1644.5,1051.3,2681.5,487.6,313,782.6,433.1,278.5,697.1,200,114,346.5,59.3,36,101,0,0,0,0,0,0,48.74712,31.55377,78.58955,6459.095,5996.353,7092.094,48.74712,31.55377,78.58955,6459.095,5996.353,7092.094,projected,-35.51135,projected,69269.19,,4093.092,2700.152,6066.525
California,2020-07-10,1617.1,1013.9,2677.5,479.7,307,773.7,426,271.5,690.1,196.2,111,340.1,58.2,35,98.5,0,0,0,0,0,0,47.93146,30.73871,78.32303,6507.026,6028.764,7170.14,47.93146,30.73871,78.32303,6507.026,6028.764,7170.14,projected,-35.34018,projected,69688.99,,4011.483,2636.046,5996.519
California,2020-07-11,1590.3,991.9,2642.2,471.8,296,771,418.9,263,690,193.2,109.5,336,57.2,33.5,98,0,0,0,0,0,0,47.13322,29.94937,77.72144,6554.16,6059.226,7248.615,47.13322,29.94937,77.72144,6554.16,6059.226,7248.615,projected,-35.1655,projected,70108.8,,3930.189,2569.673,5910.258
California,2020-07-12,1563.3,966.5,2650.6,463.8,286.5,768.6,411.8,255.9,684.5,189.3,106.5,339.5,56.1,33,99,0,0,0,0,0,0,46.34699,29.16071,76.77176,6600.507,6087.879,7326.565,46.34699,29.16071,76.77176,6600.507,6087.879,7326.565,projected,-34.98728,projected,70528.61,,3850.702,2495.867,5812.671
California,2020-07-13,1535.7,945.4,2630.8,455.9,277.5,765,404.6,249,680.5,185.7,102.5,326.6,55.1,31,98,0,0,0,0,0,0,45.56541,28.42618,76.43777,6646.072,6115.795,7404.08,45.56541,28.42618,76.43777,6646.072,6115.795,7404.08,projected,-34.80549,projected,70948.42,,3772.974,2423.695,5703.271
California,2020-07-14,1508.8,912,2623.1,448.4,272.4,759.5,397.9,239,673.6,182.8,99.5,330.1,54.4,31,97,0,0,0,0,0,0,44.78896,27.59562,76.00234,6690.861,6144.645,7481.073,44.78896,27.59562,76.00234,6690.861,6144.645,7481.073,projected,-34.62011,projected,71368.23,,3696.97,2353.397,5617.803
California,2020-07-15,1482,899.9,2606.7,440.6,263,755.5,390.9,235.4,673.5,178.9,98.5,340.1,53.2,30.5,97,0,0,0,0,0,0,44.01456,26.78991,75.32204,6734.875,6173.006,7557.401,44.01456,26.78991,75.32204,6734.875,6173.006,7557.401,projected,-34.43112,projected,71788.04,,3624.013,2294.3,5530.413
California,2020-07-16,1455.3,870.4,2566.6,432.9,257,749.6,384,227.5,665.5,175.8,92,322,52.2,29.5,94,0,0,0,0,0,0,43.23657,26.08403,74.61472,6778.112,6198.046,7633.105,43.23657,26.08403,74.61472,6778.112,6198.046,7633.105,projected,-34.2385,projected,72207.84,,3554.54,2241.432,5446.595
California,2020-07-17,1430.1,850.9,2522.4,425.4,252.4,742.6,377.3,222,659.5,173.5,93.4,320.5,51.4,28.5,94,0,0,0,0,0,0,42.46544,25.42911,73.92934,6820.577,6222.276,7708.067,42.46544,25.42911,73.92934,6820.577,6222.276,7708.067,projected,-34.04225,projected,72627.65,,3486.397,2190.101,5367.631
California,2020-07-18,1406.2,819.9,2489.7,417.9,242.5,736.6,370.7,215.5,656.5,171.4,89.5,330.6,50.3,28,93,0,0,0,0,0,0,41.71397,24.6623,73.32338,6862.291,6245.797,7771.072,41.71397,24.6623,73.32338,6862.291,6245.797,7771.072,projected,-33.84235,projected,73047.46,,3419.19,2132.299,5277.574
California,2020-07-19,1381.8,798.5,2462.2,410.4,239,729.5,364.1,210.5,650.6,167.4,85.5,320.6,49.5,28,91.5,0,0,0,0,0,0,40.97855,23.95346,72.74766,6903.27,6268.643,7836.202,40.97855,23.95346,72.74766,6903.27,6268.643,7836.202,projected,-33.63879,projected,73467.27,,3353.748,2076.158,5207.15
California,2020-07-20,1357.5,768,2434.6,403.2,232,725,357.6,205.9,646.6,163.9,83,309,48.6,27,90,0,0,0,0,0,0,40.25397,23.28117,72.11551,6943.524,6291.066,7908.482,40.25397,23.28117,72.11551,6943.524,6291.066,7908.482,projected,-33.43158,projected,73887.08,,3290.027,2025.447,5142.509
California,2020-07-21,1333.2,752.7,2418.3,396,227,718.5,351.3,199,639.1,160.8,79.5,315.5,47.9,26.5,90,0,0,0,0,0,0,39.54036,22.62693,71.41621,6983.064,6313.486,7980.061,39.54036,22.62693,71.41621,6983.064,6313.486,7980.061,projected,-33.2207,projected,74306.89,,3227.989,1979.956,5079.683
California,2020-07-22,1310.5,725.9,2394.3,388.9,219.9,716.5,345.1,192,635.1,158.7,80,298.6,46.9,25,88.5,0,0,0,0,0,0,38.83517,21.9959,70.67393,7021.899,6335.3,8050.931,38.83517,21.9959,70.67393,7021.899,6335.3,8050.931,projected,-33.00616,projected,74726.69,,3168.366,1936.426,5019.588
California,2020-07-23,1287.9,717.9,2375,382.1,213.5,706.1,339,189,625.7,155.7,81.5,300,46.2,24.5,88.5,0,0,0,0,0,0,38.13395,21.36576,69.96106,7060.033,6356.572,8121.084,38.13395,21.36576,69.96106,7060.033,6356.572,8121.084,projected,-32.78798,projected,75146.5,,3111.503,1894.902,4962.988
California,2020-07-24,1265.2,704,2366.5,375.3,208.5,696.5,333,183.5,623,153.2,76.5,298.6,45.3,24,89,0,0,0,0,0,0,37.44346,20.76986,69.33688,7097.477,6377.728,8190.51,37.44346,20.76986,69.33688,7097.477,6377.728,8190.51,projected,-32.56615,projected,75566.31,,3056.267,1854.687,4883.917
California,2020-07-25,1240.8,682.7,2334.6,368.6,201.5,694.5,327.1,177.5,616.5,149.3,74.5,304.5,44.4,22.5,87,0,0,0,0,0,0,36.77244,20.20441,68.70864,7134.249,6399.479,8259.138,36.77244,20.20441,68.70864,7134.249,6399.479,8259.138,projected,-32.34069,projected,75986.12,,3002.308,1815.618,4822.875
California,2020-07-26,1218.2,654.9,2329,362.2,196,680.6,321.4,173.9,608.5,147.1,70.5,294.6,43.8,23,87.5,0,0,0,0,0,0,36.1187,19.65087,68.10853,7170.368,6420.805,8327.097,36.1187,19.65087,68.10853,7170.368,6420.805,8327.097,projected,-32.11162,projected,76405.93,,2949.978,1777.849,4755.575
California,2020-07-27,1196.1,628.9,2325.9,355.7,192.5,673.1,315.6,168,600.6,144,66,295.5,43,22.5,85,0,0,0,0,0,0,35.47879,19.08381,67.53974,7205.847,6441.449,8394.379,35.47879,19.08381,67.53974,7205.847,6441.449,8394.379,projected,-31.87896,projected,76825.73,,2899.242,1741.319,4689.627
California,2020-07-28,1174.6,616.5,2299.1,349.4,187.9,668.5,310,164,594.5,141.6,69,287.5,42.2,21.5,84,0,0,0,0,0,0,34.85259,18.57195,66.95413,7240.699,6461.956,8460.957,34.85259,18.57195,66.95413,7240.699,6461.956,8460.957,projected,-31.64273,projected,77245.54,,2850.064,1705.992,4625.862
California,2020-07-29,1154,604,2263.1,343.4,182,660.5,304.7,158,588,140.3,67.5,287.5,41.5,20.5,84.5,0,0,0,0,0,0,34.23815,18.05468,66.34773,7274.938,6481.82,8526.833,34.23815,18.05468,66.34773,7274.938,6481.82,8526.833,projected,-31.40297,projected,77665.35,,2802.747,1670.428,4565.021
California,2020-07-30,1134.6,581.9,2242.1,337.2,175,653.1,299.2,155.9,583.5,138.5,64,293.5,40.7,19,83.5,0,0,0,0,0,0,33.63208,17.5547,65.74283,7308.57,6501.244,8592.009,33.63208,17.5547,65.74283,7308.57,6501.244,8592.009,projected,-31.15971,projected,78085.16,,2757.571,1632.456,4506.927
California,2020-07-31,1114.4,568.9,2249.6,331.3,171.5,652.1,294.1,150.5,580.6,135.3,63,295.6,40,19.5,83,0,0,0,0,0,0,33.03841,17.07613,65.13939,7341.608,6520.259,8656.486,33.03841,17.07613,65.13939,7341.608,6520.259,8656.486,projected,-30.91299,projected,78504.97,,2714.16,1593.976,4449.499
California,2020-08-01,1096.5,545,2219.2,325.7,167,646.1,289,148,574.5,133.4,59.5,281.1,39.4,19,82.5,0,0,0,0,0,0,32.46283,16.62062,64.53759,7374.071,6538.872,8719.076,32.46283,16.62062,64.53759,7374.071,6538.872,8719.076,projected,-30.66285,projected,78924.78,,2672.205,1556.615,4389.978
California,2020-08-02,1078.8,535,2188.1,320.2,164.4,644,284.1,144,570.5,131.5,60,286.5,38.8,19,82,0,0,0,0,0,0,31.9042,16.17691,63.95905,7405.975,6557.098,8778.677,31.9042,16.17691,63.95905,7405.975,6557.098,8778.677,projected,-30.40933,projected,79344.58,,2631.711,1521.434,4338.585
California,2020-08-03,1061.3,537,2161.9,314.6,158.5,638.1,279.2,140.5,567.5,128.7,57.5,276.2,38.1,18.5,81.5,0,0,0,0,0,0,31.3604,15.74285,63.41246,7437.335,6574.265,8837.482,31.3604,15.74285,63.41246,7437.335,6574.265,8837.482,projected,-30.15249,projected,79764.39,,2592.655,1488.688,4290.942
California,2020-08-04,1044.6,523.5,2153.1,309.5,153.5,637.1,274.7,136.5,565.5,127,56.5,278,37.7,17.5,82.5,0,0,0,0,0,0,30.8312,15.32239,62.86574,7468.167,6589.141,8895.674,30.8312,15.32239,62.86574,7468.167,6589.141,8895.674,projected,-29.89238,projected,80184.2,,2555.007,1454.047,4245.572
California,2020-08-05,1027.2,513.5,2146.8,304.3,150.5,633,270,132,560.5,124.7,56.5,279.1,36.9,17.5,79,0,0,0,0,0,0,30.31512,14.9151,62.33241,7498.482,6603.597,8955.051,30.31512,14.9151,62.33241,7498.482,6603.597,8955.051,projected,-29.62906,projected,80604.01,,2518.755,1423.629,4203.831
California,2020-08-06,1010.1,501.5,2135.1,299.3,148.5,629.5,265.6,129,558.1,123.2,53,270.1,36.4,16.5,78.5,0,0,0,0,0,0,29.80969,14.52054,61.77917,7528.291,6617.641,9014.473,29.80969,14.52054,61.77917,7528.291,6617.641,9014.473,projected,-29.36259,projected,81023.82,,2484.129,1398.625,4162.192
California,2020-08-07,994.3,484.5,2097.6,294.5,145,621.2,261.3,127.5,554.5,121.6,51.5,267.5,35.8,17,78,0,0,0,0,0,0,29.31694,14.14205,61.3405,7557.608,6631.287,9073.225,29.31694,14.14205,61.3405,7557.608,6631.287,9073.225,projected,-29.09305,projected,81443.63,,2451.33,1372.103,4124.168
California,2020-08-08,978.3,472.4,2079.6,289.6,141.5,615.1,257.1,125,545.6,119.1,52,266.1,35.2,16,79,0,0,0,0,0,0,28.84026,13.78094,60.91516,7586.449,6645.378,9131.556,28.84026,13.78094,60.91516,7586.449,6645.378,9131.556,projected,-28.82051,projected,81863.43,,2420.084,1341.723,4091.087
California,2020-08-09,962.4,449.4,2030,284.9,139,609.6,253,122,541.1,117.4,47.5,261.1,34.7,15.5,76.5,0,0,0,0,0,0,28.37934,13.43153,60.50055,7614.828,6661.578,9196.741,28.37934,13.43153,60.50055,7614.828,6661.578,9196.741,projected,-28.54504,projected,82283.24,,2390.141,1312.503,4056.907
California,2020-08-10,948.6,442,2031.7,280.5,134.5,607.1,249.2,119.5,541.6,116.6,45.5,268.1,34.2,15,77,0,0,0,0,0,0,27.93307,13.09194,59.849,7642.761,6677.443,9261.494,27.93307,13.09194,59.849,7642.761,6677.443,9261.494,projected,-28.26672,projected,82703.05,,2361.488,1284.424,4024.2
California,2020-08-11,934.3,437.9,2031.8,276.2,131,603.5,245.4,117,536.1,114.3,44.5,260.5,33.7,15,76,0,0,0,0,0,0,27.50118,12.76368,59.27312,7670.262,6692.987,9324.25,27.50118,12.76368,59.27312,7670.262,6692.987,9324.25,projected,-27.98564,projected,83122.86,,2334.107,1257.562,4000.075
California,2020-08-12,920.3,424.9,2019.2,272.1,128,593.7,241.8,113.5,529,112.5,46,260,33.3,14,74.5,0,0,0,0,0,0,27.08263,12.44638,58.81426,7697.345,6708.226,9382.266,27.08263,12.44638,58.81426,7697.345,6708.226,9382.266,projected,-27.70189,projected,83542.67,,2307.74,1233.61,3977.195
California,2020-08-13,906.3,415.9,1991.1,268.2,123.5,589.1,238.2,111,523.5,110.9,44,252.5,32.8,14.5,76,0,0,0,0,0,0,26.67572,12.14807,58.36838,7724.021,6723.168,9439.078,26.67572,12.14807,58.36838,7724.021,6723.168,9439.078,projected,-27.41557,projected,83962.47,,2282.586,1214.958,3955.281
California,2020-08-14,891.6,405.5,1977.1,264.3,120.5,584.1,234.8,107,519.1,108.4,41.5,256.6,32.4,14,75,0,0,0,0,0,0,26.28097,11.86366,57.93551,7750.302,6737.82,9495.379,26.28097,11.86366,57.93551,7750.302,6737.82,9495.379,projected,-27.12675,projected,84382.28,,2259.299,1197.572,3936.06
California,2020-08-15,878.7,388.4,1949.7,260.3,116.5,582.5,231.4,102.5,516.6,107.6,40.5,248.1,31.8,13,73,0,0,0,0,0,0,25.90012,11.5917,57.51594,7776.202,6751.381,9559.265,25.90012,11.5917,57.51594,7776.202,6751.381,9559.265,projected,-25.43463,projected,84802.09,,2254.532,1193.168,3959.95
California,2020-08-16,866.1,382.4,1946.6,256.7,113.5,576.5,228.2,100,511.5,106.2,43,245.6,31.5,13.5,72,0,0,0,0,0,0,25.53349,11.33038,57.11582,7801.735,6761.994,9615.924,25.53349,11.33038,57.11582,7801.735,6761.994,9615.924,projected,-25.10609,projected,85221.9,,2252.011,1186.306,3977.326
California,2020-08-17,852.7,371.4,1911.2,252.9,111.5,571.5,224.8,99.4,509.1,104.6,41,237.5,31.1,13,72.5,0,0,0,0,0,0,25.18075,11.03837,56.74109,7826.916,6772.33,9669.367,25.18075,11.03837,56.74109,7826.916,6772.33,9669.367,projected,-24.77512,projected,85641.71,,2235.706,1172.541,3967.863
California,2020-08-18,841,364.5,1872.6,249.4,109,564,221.8,96.9,502,103.9,38.5,244.6,30.6,12.5,72,0,0,0,0,0,0,24.84164,10.77496,56.38653,7851.758,6782.427,9722.319,24.84164,10.77496,56.38653,7851.758,6782.427,9722.319,projected,-24.44185,projected,86061.52,,2221.571,1160.001,3962.031
California,2020-08-19,830.3,351.5,1903.4,246,107.4,555,218.8,92.5,497,103.4,39,245.7,30.3,12.5,71.5,0,0,0,0,0,0,24.51554,10.53001,56.04775,7876.273,6792.364,9774.793,24.51554,10.53001,56.04775,7876.273,6792.364,9774.793,projected,-24.1064,projected,86481.32,,2208.751,1148.224,3969.797
California,2020-08-20,820.7,348.5,1874.8,242.8,103.5,547.1,215.9,91,490.1,102.5,36,263.5,30,12,71.5,0,0,0,0,0,0,24.20135,10.29376,55.72747,7900.474,6802.054,9826.805,24.20135,10.29376,55.72747,7900.474,6802.054,9826.805,projected,-23.7689,projected,86901.13,,2197.18,1137.177,3967.696
California,2020-08-21,811.6,339.5,1862.1,239.7,100,546.1,213.2,88.5,486.5,100.8,34.5,248.2,29.7,11.5,71.5,0,0,0,0,0,0,23.89853,10.06738,55.42566,7924.373,6811.507,9878.368,23.89853,10.06738,55.42566,7924.373,6811.507,9878.368,projected,-23.42949,projected,87320.94,,2187.783,1127.37,3970.183
California,2020-08-22,802.6,320,1859.3,237,100.4,544,210.7,86,485.1,100,32,239.2,29.5,12,71,0,0,0,0,0,0,23.60755,9.850761,55.13906,7947.981,6820.731,9929.785,23.60755,9.850761,55.13906,7947.981,6820.731,9929.785,projected,-23.0883,projected,87740.75,,2180.274,1117.547,3987.491
California,2020-08-23,793.3,314,1885.6,234.2,96.5,536.6,208.3,84.5,480.2,98.2,36,237.6,29.2,11,70.1,0,0,0,0,0,0,23.32927,9.644056,54.86765,7971.31,6831.359,9982.193,23.32927,9.644056,54.86765,7971.31,6831.359,9982.193,projected,-22.74547,projected,88160.56,,2173.988,1104.997,3988.963
California,2020-08-24,785.1,308,1872,231.5,92,537,205.9,82,476.7,97.7,36.5,242.5,28.8,11,72.5,0,0,0,0,0,0,23.06398,9.445965,54.61682,7994.374,6845.195,10034.02,23.06398,9.445965,54.61682,7994.374,6845.195,10034.02,projected,-22.40114,projected,88580.37,,2168.93,1093.211,3991.762
California,2020-08-25,776.6,303.4,1873.2,229,92.4,534.1,203.7,81.9,476,96.5,33.5,248.6,28.7,10.5,70,0,0,0,0,0,0,22.81143,9.2542,54.35242,8017.185,6858.884,10085.54,22.81143,9.2542,54.35242,8017.185,6858.884,10085.54,projected,-22.05546,projected,89000.17,,2165.101,1082.176,3997.393
California,2020-08-26,768.1,295.5,1877,226.6,89.5,528.5,201.6,80.5,473.1,96,33.5,248.6,28.4,10.5,71,0,0,0,0,0,0,22.57139,9.069276,54.03241,8039.757,6871.029,10136.9,22.57139,9.069276,54.03241,8039.757,6871.029,10136.9,projected,-21.70858,projected,89419.98,,2161.846,1071.641,4011.794
California,2020-08-27,760.7,288.5,1860.2,224.3,88,529.5,199.6,78,473.1,96.2,34,245.5,28.1,10.5,69.6,0,0,0,0,0,0,22.34332,8.891751,53.808,8062.1,6880.317,10188.42,22.34332,8.891751,53.808,8062.1,6880.317,10188.42,projected,-21.36063,projected,89839.79,,2159.329,1061.62,4025.92
California,2020-08-28,754.6,287,1847.1,222.3,86,534.5,197.9,76.5,475,95.8,33,237.1,28.1,10,71.5,0,0,0,0,0,0,22.12584,8.721194,53.62862,8084.226,6889.434,10239.7,22.12584,8.721194,53.62862,8084.226,6889.434,10239.7,projected,-21.01178,projected,90259.6,,2159.014,1052.721,4045.11
California,2020-08-29,748.3,287,1863.7,220.5,85.5,529.1,196.4,77,472.1,94.6,34,242,27.9,10.5,70,0,0,0,0,0,0,21.91848,8.554955,53.46905,8106.144,6898.385,10290.73,21.91848,8.554955,53.46905,8106.144,6898.385,10290.73,projected,-20.66216,projected,90679.41,,2160.726,1044.849,4067.76
California,2020-08-30,744.8,290.9,1870.3,219,84,528.7,195.2,75,470.2,95.7,33,254.2,27.9,10,71,0,0,0,0,0,0,21.72251,8.375962,53.33113,8127.867,6907.177,10341.56,21.72251,8.375962,53.33113,8127.867,6907.177,10341.56,projected,-20.31193,projected,91099.22,,2163.671,1037.654,4093.372
California,2020-08-31,741,283.9,1875.3,217.7,82.5,532.7,194.1,74,474.2,94.9,31,243.5,27.8,10,72,0,0,0,0,0,0,21.57279,8.258611,53.21567,8149.44,6915.816,10392.19,21.57279,8.258611,53.21567,8149.44,6915.816,10392.19,projected,-19.96124,projected,91519.02,,2167.897,1031.145,4127.831
California,2020-09-01,737.5,278,1847.1,216.4,82,533.7,193.1,71.5,480.6,93.8,31,235.1,27.5,10.5,71,0,0,0,0,0,0,21.46848,8.164822,53.12385,8170.908,6924.311,10443.03,21.46848,8.164822,53.12385,8170.908,6924.311,10443.03,projected,-19.61024,projected,91938.83,,2173.436,1025.32,4177.775
California,2020-09-02,734.4,274.5,1830.2,215.4,80.5,543.5,192.2,70,482.1,93.8,33,261.5,27.6,10,71.5,0,0,0,0,0,0,21.3811,8.035701,53.13977,8192.289,6932.739,10494.13,21.3811,8.035701,53.13977,8192.289,6932.739,10494.13,projected,-19.25908,projected,92358.64,,2179.438,1019.811,4237.235
California,2020-09-03,731.2,270.5,1882.9,214.5,80,538,191.5,70,480.7,93.8,32,255.1,27.5,9.5,70.5,0,0,0,0,0,0,21.31111,7.900891,53.29376,8213.6,6941.105,10545.17,21.31111,7.900891,53.29376,8213.6,6941.105,10545.17,projected,-18.90791,projected,92778.45,,2186.058,1014.668,4304.251
California,2020-09-04,728.6,266.5,1941.5,213.4,79,541.2,190.6,69.5,486.5,93.9,29.5,260.1,27.5,9.5,72.5,0,0,0,0,0,0,21.26009,7.776738,53.55015,8234.86,6949.356,10596.07,21.26009,7.776738,53.55015,8234.86,6949.356,10596.07,projected,-18.55688,projected,93198.26,,2195.184,1010.687,4351.511
California,2020-09-05,726.8,263.5,1944,212.4,79,543.2,189.8,68.5,487.1,93.5,30.5,253,27.3,10,72,0,0,0,0,0,0,21.19897,7.659537,53.83322,8256.059,6957.5,10646.85,21.19897,7.659537,53.83322,8256.059,6957.5,10646.85,projected,-18.20615,projected,93618.06,,2206.671,1007.763,4436.893
California,2020-09-06,724,267.8,1916,211.7,78,543.7,189.2,69.5,490.6,93.6,28.5,243.7,27.4,9,73.5,0,0,0,0,0,0,21.1238,7.575394,53.97715,8277.183,6964.999,10698.7,21.1238,7.575394,53.97715,8277.183,6964.999,10698.7,projected,-17.85586,projected,94037.87,,2219.542,1005.481,4523.355
California,2020-09-07,721.8,257.9,1935.3,211,77,551.6,188.6,67.5,491.6,93.1,28.5,249.7,27.4,9.5,75.5,0,0,0,0,0,0,21.06515,7.520325,54.29903,8298.248,6971.294,10753.59,21.06515,7.520325,54.29903,8298.248,6971.294,10753.59,projected,-17.50616,projected,94457.68,,2233.873,1003.862,4589.522
California,2020-09-08,721,250,1939.5,210.5,77,560.7,188.2,67,498.1,93.6,29.5,258.6,27.4,9.5,75,0,0,0,0,0,0,21.02123,7.466371,54.79027,8319.269,6977.522,10808.77,21.02123,7.466371,54.79027,8319.269,6977.522,10808.77,projected,-17.1572,projected,94877.49,,2249.716,1006.747,4659.146
California,2020-09-09,720.4,245.5,1959.2,210.2,76,564.5,188,68,501,94,28,271.1,27.4,9,76,0,0,0,0,0,0,20.99161,7.37444,55.09907,8340.261,6983.666,10864.27,20.99161,7.37444,55.09907,8340.261,6983.666,10864.27,projected,-16.80911,projected,95297.3,,2266,1011.76,4730.164
California,2020-09-10,720.6,250.4,1934.2,209.9,75.5,560.6,187.8,68,499.6,94.3,30,252,27.4,9,75.1,0,0,0,0,0,0,20.97626,7.288074,55.3917,8361.237,6989.73,10920.12,20.97626,7.288074,55.3917,8361.237,6989.73,10920.12,projected,-16.46205,projected,95717.11,,2282.87,1017.166,4798.497
California,2020-09-11,720.2,245.5,1928.6,210,75,566,187.8,67,506.1,94.1,28.5,269.5,27.6,9,73.6,0,0,0,0,0,0,20.97229,7.207175,55.86168,8382.21,6995.717,10983.63,20.97229,7.207175,55.86168,8382.21,6995.717,10983.63,projected,-16.11614,projected,96136.91,,2302.706,1024.116,4882.353
California,2020-09-12,721.1,235,1935,210.1,74.9,568.6,187.9,64.5,512.5,94.9,28,269.6,27.7,9,77.5,0,0,0,0,0,0,20.9776,7.131581,56.33867,8403.187,7001.63,11047.84,20.9776,7.131581,56.33867,8403.187,7001.63,11047.84,projected,-15.77154,projected,96556.72,,2325.4,1032.498,4987.164
California,2020-09-13,722.4,240.4,1978.4,210.2,73.5,568.7,188.1,64.5,515.5,95.2,31.5,281.6,27.6,8.5,78.5,0,0,0,0,0,0,20.99441,7.059351,56.8382,8424.182,7007.476,11112.64,20.99441,7.059351,56.8382,8424.182,7007.476,11112.64,projected,-15.42837,projected,96976.53,,2349.763,1041.746,5100.805
California,2020-09-14,724,238,2012.1,210.6,71.5,573.7,188.5,65,518.6,95,26,277,27.8,8.5,77.1,0,0,0,0,0,0,21.02458,7.002948,57.37905,8445.206,7013.261,11178.12,21.02458,7.002948,57.37905,8445.206,7013.261,11178.12,projected,-15.08676,projected,97396.34,,2375.905,1051.916,5202.793
California,2020-09-15,725.1,238.4,2032.7,211.1,70.5,582.5,189,64,527.5,94.8,28,274.1,28,9,81,0,0,0,0,0,0,21.06816,6.957819,57.94749,8466.274,7018.99,11235.16,21.06816,6.957819,57.94749,8466.274,7018.99,11235.16,projected,-14.74685,projected,97816.15,,2403.909,1063.045,5281.037
California,2020-09-16,726.8,245.5,2037,211.6,70.5,586.9,189.5,64,533.2,95.8,29,281.2,28.1,9,80,0,0,0,0,0,0,21.12616,6.916759,58.54917,8487.401,7024.666,11283.72,21.12616,6.916759,58.54917,8487.401,7024.666,11283.72,projected,-14.40877,projected,98235.96,,2432.431,1074.495,5388.728
California,2020-09-17,729.1,242.4,2077.8,212.3,71,594.9,190.2,64.5,539.8,96.9,28.5,291,28.3,9,83.5,0,0,0,0,0,0,21.1997,6.879554,59.21961,8508.6,7030.725,11332.38,21.1997,6.879554,59.21961,8508.6,7030.725,11332.38,projected,-14.07262,projected,98655.76,,2461.612,1086.328,5478.043
California,2020-09-18,732.7,234,2108.8,213.1,68.5,599.4,190.9,63,542.8,97.7,25.5,296.6,28.4,8.5,81.1,0,0,0,0,0,0,21.28555,6.846128,59.95612,8529.886,7039.326,11385.77,21.28555,6.846128,59.95612,8529.886,7039.326,11385.77,projected,-13.73854,projected,99075.57,,2494.447,1099.964,5617.513
California,2020-09-19,736.1,237.5,2133.9,213.9,70,603.4,191.8,63.5,548.3,98.3,27.5,291.1,28.5,8.5,84,0,0,0,0,0,0,21.38108,6.813611,60.88037,8551.267,7047.998,11447.06,21.38108,6.813611,60.88037,8551.267,7047.998,11447.06,projected,-13.40664,projected,99495.38,,2530.875,1115.373,5765.619
California,2020-09-20,740.8,233,2173.5,215.1,69,606.6,192.9,62,555.8,100,26.5,299.1,29,9,88,0,0,0,0,0,0,21.48912,6.782846,61.82339,8572.756,7056.729,11509.1,21.48912,6.782846,61.82339,8572.756,7056.729,11509.1,projected,-13.07703,projected,99915.19,,2569.444,1131.876,5907.678
California,2020-09-21,745.6,236.4,2178.8,216.4,69,628.7,194.2,61.5,564.2,99.9,28,300.5,29.2,8.5,88.5,0,0,0,0,0,0,21.61217,6.759432,62.97782,8594.368,7065.504,11571.81,21.61217,6.759432,62.97782,8594.368,7065.504,11571.81,projected,-12.74982,projected,100335,,2610.312,1149.552,6056.91
California,2020-09-22,752.7,235.5,2275.1,218,69.5,637.8,195.6,62.5,575.7,101.9,27.5,302.1,29.5,9.5,88,0,0,0,0,0,0,21.75042,6.770261,64.02029,8616.119,7074.329,11635.17,21.75042,6.770261,64.02029,8616.119,7074.329,11635.17,projected,-12.42511,projected,100754.8,,2653.608,1163.82,6213.454
California,2020-09-23,760.1,232,2321,219.6,69,654.1,197.2,61.5,590,103.3,26.5,310.2,29.7,9.5,91,0,0,0,0,0,0,21.9054,6.7742,65.0948,8638.024,7083.213,11699.46,21.9054,6.7742,65.0948,8638.024,7083.213,11699.46,projected,-12.10301,projected,101174.6,,2697.636,1174.389,6374.202
California,2020-09-24,766.6,232.4,2293.6,221.2,69,666.6,198.7,61.5,601.2,103.3,29,314,30,8.5,90.5,0,0,0,0,0,0,22.0789,6.78285,65.99457,8660.103,7092.161,11764.74,22.0789,6.78285,65.99457,8660.103,7092.161,11764.74,projected,-11.78361,projected,101594.4,,2742.535,1185.126,6540.473
California,2020-09-25,773.4,229.5,2303.2,223.1,69.5,675.1,200.4,61.5,610.5,104.3,28,324.9,30.5,9,94,0,0,0,0,0,0,22.26705,6.796185,66.59168,8682.37,7101.177,11831.05,22.26705,6.796185,66.59168,8682.37,7101.177,11831.05,projected,-11.467,projected,102014.2,,2792.113,1197.459,6741.387
California,2020-09-26,779.4,235.4,2330.7,225.3,69.5,693.5,202.4,60.5,617.2,104.1,29,336,30.8,9,94.6,0,0,0,0,0,0,22.46642,6.793974,67.81229,8704.836,7110.265,11898.47,22.46642,6.793974,67.81229,8704.836,7110.265,11898.47,projected,-11.15327,projected,102434,,2846.373,1211.361,6958.452
California,2020-09-27,679.8,201.9,2044.7,203.5,61.5,627.1,180.4,53.5,547.2,0,0,0,7.1,1,21.5,0,0,0,0,0,0,22.68054,6.796651,69.10532,8727.517,7119.438,11967.02,22.68054,6.796651,69.10532,8727.517,7119.438,11967.02,projected,-10.84251,projected,102853.8,,2903.523,1226.138,7173.63
California,2020-09-28,580,167.5,1752.5,181.4,55.5,548.8,158.2,47,477.6,0,0,0,7.1,1,21.5,0,0,0,0,0,0,22.91262,6.804476,70.47282,8750.43,7128.709,12036.73,22.91262,6.804476,70.47282,8750.43,7128.709,12036.73,projected,-10.53478,projected,103273.7,,2963.791,1241.861,7432.975
California,2020-09-29,478.4,137.9,1465.3,158.9,48,487.1,135.6,40,409.2,0,0,0,7,1,21.5,0,0,0,0,0,0,23.16301,6.814511,71.87796,8773.593,7136.322,12107.72,23.16301,6.814511,71.87796,8773.593,7136.322,12107.72,projected,-10.23018,projected,103693.5,,3027.374,1258.618,7692.915
California,2020-09-30,375.5,105.5,1137,129.2,39,391.1,107.6,32,325.1,0,0,0,0,0,0,0,0,0,0,0,0,23.43393,6.82709,73.33703,8797.026,7143.549,12180.08,23.43393,6.82709,73.33703,8797.026,7143.549,12180.08,projected,-9.928769,projected,104113.3,,3092.109,1283.155,7963.206
California,2020-10-01,272.6,76,825.5,99.3,30,301.1,79.5,24,235.7,0,0,0,0,0,0,0,0,0,0,0,0,23.72803,6.848275,74.57274,8820.755,7150.798,12253.88,23.72803,6.848275,74.57274,8820.755,7150.798,12253.88,projected,-9.630612,projected,104533.1,,3158.133,1304.878,8243.73
