fips,date,hospitalBedsRequired,hospitalBedCapacity,ICUBedsInUse,ICUBedCapacity,ventilatorsInUse,ventilatorCapacity,RtIndicator,RtIndicatorCI90,cumulativeDeaths,cumulativeInfected,currentInfected,currentSusceptible,currentExposed,cumulativePositiveTests,cumulativeNegativeTests,fips_char,county
2020,2020-03-11,0,808,0,21,0,72,,,0,0,25,287943,31,0,0,02020,Anchorage
2020,2020-03-12,0,808,0,21,0,72,,,0,13,33,287922,37,1,,02020,Anchorage
2020,2020-03-13,0,808,0,21,0,72,,,0,31,43,287895,47,1,,02020,Anchorage
2020,2020-03-14,0,808,0,21,0,72,,,0,52,54,287862,59,1,,02020,Anchorage
2020,2020-03-15,0,808,0,21,0,72,,,0,79,69,287819,74,1,,02020,Anchorage
2020,2020-03-16,0,808,0,21,0,72,,,0,114,87,287765,94,1,,02020,Anchorage
2020,2020-03-17,0,808,0,21,0,72,1.5,4,0,157,110,287698,118,2,,02020,Anchorage
2020,2020-03-18,1,808,0,21,0,72,1.48,3.32,0,211,138,287618,144,4,,02020,Anchorage
2020,2020-03-19,1,808,0,21,0,72,1.74,3.2,0,275,171,287526,172,4,,02020,Anchorage
2020,2020-03-20,1,808,0,21,0,72,1.66,2.64,0,352,209,287419,202,4,,02020,Anchorage
2020,2020-03-21,2,808,0,21,0,72,1.84,2.38,0,441,251,287298,234,5,,02020,Anchorage
2020,2020-03-22,2,808,0,21,0,72,1.96,2.06,0,543,297,287164,266,6,,02020,Anchorage
2020,2020-03-23,3,808,1,21,0,72,1.8,1.8,0,657,346,287019,296,17,,02020,Anchorage
2020,2020-03-24,3,808,1,21,0,72,1.86,1.62,0,784,396,286866,323,9,1124,02020,Anchorage
2020,2020-03-25,4,808,1,21,0,72,1.74,1.46,0,920,447,286707,345,19,1385,02020,Anchorage
2020,2020-03-26,5,808,1,21,1,72,1.64,1.34,0,1065,495,286548,360,26,1698,02020,Anchorage
2020,2020-03-27,6,808,1,21,1,72,1.58,1.24,0,1213,538,286392,367,35,1890,02020,Anchorage
2020,2020-03-28,6,808,2,21,1,72,1.54,1.16,0,1363,574,286245,365,39,2139,02020,Anchorage
2020,2020-03-29,7,808,2,21,1,72,1.48,1.12,0,1510,600,286111,352,39,2142,02020,Anchorage
2020,2020-03-30,8,808,2,21,1,72,1.46,1.06,0,1649,615,285995,329,55,2470,02020,Anchorage
2020,2020-03-31,8,808,2,21,1,72,1.42,1.02,0,1778,618,285888,306,59,2586,02020,Anchorage
2020,2020-04-01,9,808,3,21,1,72,1.4,0.98,0,1900,614,285782,291,59,2766,02020,Anchorage
2020,2020-04-02,10,808,3,21,2,72,1.36,0.96,0,2016,606,285677,279,66,,02020,Anchorage
2020,2020-04-03,10,808,3,21,2,72,1.34,0.92,0,2129,595,285574,270,73,,02020,Anchorage
2020,2020-04-04,10,808,3,21,2,72,1.32,0.9,0,2237,584,285472,263,81,,02020,Anchorage
2020,2020-04-05,11,808,3,21,2,72,1.32,0.86,0,2344,572,285373,256,85,,02020,Anchorage
2020,2020-04-06,11,808,3,21,2,72,1.3,0.84,0,2447,559,285275,250,88,,02020,Anchorage
2020,2020-04-07,11,808,3,21,2,72,1.28,0.84,0,2548,547,285180,245,98,,02020,Anchorage
2020,2020-04-08,11,808,3,21,2,72,1.28,0.8,0,2647,535,285087,239,103,,02020,Anchorage
2020,2020-04-09,11,808,3,21,2,72,1.26,0.8,0,2743,524,284996,234,109,,02020,Anchorage
2020,2020-04-10,11,808,3,21,2,72,1.3,0.78,0,2838,512,284906,228,112,,02020,Anchorage
2020,2020-04-11,11,808,3,21,2,72,1.28,0.76,0,2930,501,284819,223,121,,02020,Anchorage
2020,2020-04-12,11,808,3,21,2,72,1.22,0.76,0,3020,490,284734,218,127,,02020,Anchorage
2020,2020-04-13,11,808,3,21,2,72,1.22,0.74,0,3109,479,284650,214,131,,02020,Anchorage
2020,2020-04-14,11,808,3,21,2,72,1.22,0.72,0,3195,469,284569,209,136,,02020,Anchorage
2020,2020-04-15,10,808,3,21,2,72,1.16,0.72,0,3279,458,284489,204,139,,02020,Anchorage
2020,2020-04-16,10,808,3,21,2,72,1.16,0.7,0,3362,448,284411,200,143,,02020,Anchorage
2020,2020-04-17,10,808,3,21,2,72,1.16,0.7,0,3443,438,284335,195,150,,02020,Anchorage
2020,2020-04-18,10,808,3,21,2,72,1.16,0.68,0,3522,428,284260,191,151,,02020,Anchorage
2020,2020-04-19,10,808,3,21,2,72,1.12,0.68,0,3599,419,284187,187,154,,02020,Anchorage
2020,2020-04-20,10,808,3,21,2,72,1.12,0.68,0,3674,410,284116,182,155,,02020,Anchorage
2020,2020-04-21,10,808,3,21,2,72,1.12,0.68,0,3748,401,284046,178,160,,02020,Anchorage
2020,2020-04-22,9,808,3,21,2,72,1.1,0.7,0,3820,392,283978,174,164,,02020,Anchorage
2020,2020-04-23,9,808,3,21,2,72,1.1,0.68,0,3891,383,283912,171,166,,02020,Anchorage
2020,2020-04-24,9,808,3,21,2,72,1.08,0.68,0,3960,375,283845,168,168,,02020,Anchorage
2020,2020-04-25,9,808,3,21,2,72,1.08,0.66,0,4028,367,283778,167,168,,02020,Anchorage
2020,2020-04-26,9,808,3,21,2,72,1.08,0.66,0,4096,361,283710,166,168,,02020,Anchorage
2020,2020-04-27,8,808,3,21,2,72,1.08,0.66,0,4164,356,283642,166,171,,02020,Anchorage
2020,2020-04-28,8,808,2,21,1,72,1.06,0.68,0,4232,351,283573,167,175,,02020,Anchorage
2020,2020-04-29,8,808,2,21,1,72,1.06,0.68,0,4301,348,283503,168,179,,02020,Anchorage
2020,2020-04-30,8,808,2,21,1,72,1.06,0.68,0,4370,347,283432,170,179,,02020,Anchorage
2020,2020-05-01,8,808,2,21,1,72,1.06,0.68,0,4440,346,283360,172,185,,02020,Anchorage
2020,2020-05-02,8,808,2,21,1,72,1.06,0.68,0,4511,346,283286,175,185,,02020,Anchorage
2020,2020-05-03,8,808,2,21,1,72,1.06,0.68,0,4584,348,283210,179,187,,02020,Anchorage
2020,2020-05-04,8,808,2,21,1,72,1.06,0.68,0,4657,350,283133,183,189,,02020,Anchorage
2020,2020-05-05,8,808,2,21,1,72,1.06,0.68,0,4733,354,283052,187,190,,02020,Anchorage
2020,2020-05-06,8,808,2,21,1,72,1.02,0.68,0,4811,358,282970,192,190,,02020,Anchorage
2020,2020-05-07,7,808,2,21,1,72,1.02,0.7,0,4890,364,282884,198,191,,02020,Anchorage
2020,2020-05-08,7,808,2,21,1,72,1.02,0.7,0,4972,371,282797,203,194,,02020,Anchorage
2020,2020-05-09,8,808,2,21,1,72,1.02,0.7,0,5057,379,282708,208,194,,02020,Anchorage
2020,2020-05-10,8,808,2,21,1,72,1.02,0.7,0,5143,386,282617,213,194,,02020,Anchorage
2020,2020-05-11,8,808,2,21,1,72,1.02,0.7,0,5231,395,282524,218,195,,02020,Anchorage
2020,2020-05-12,8,808,2,21,1,72,1.02,0.7,0,5321,403,282430,222,196,,02020,Anchorage
2020,2020-05-13,8,808,2,21,1,72,1.02,0.7,0,5412,411,282333,227,196,,02020,Anchorage
2020,2020-05-14,8,808,2,21,1,72,1.02,0.7,0,5506,420,282235,232,199,,02020,Anchorage
2020,2020-05-15,8,808,2,21,1,72,1.02,0.7,0,5602,429,282134,237,200,,02020,Anchorage
2020,2020-05-16,8,808,2,21,1,72,1.02,0.7,0,5700,438,282031,242,202,,02020,Anchorage
2020,2020-05-17,8,808,2,21,1,72,1.02,0.72,0,5799,447,281927,247,204,,02020,Anchorage
2020,2020-05-18,8,808,2,21,1,72,1.02,0.72,0,5901,457,281820,252,206,,02020,Anchorage
2020,2020-05-19,9,808,2,21,1,72,1.02,0.72,0,6005,466,281711,257,206,,02020,Anchorage
2020,2020-05-20,9,808,3,21,2,72,1.02,0.72,0,6111,476,281599,262,207,,02020,Anchorage
2020,2020-05-21,9,808,3,21,2,72,1.02,0.72,0,6219,486,281486,268,207,,02020,Anchorage
2020,2020-05-22,9,808,3,21,2,72,1.02,0.72,0,6330,496,281370,273,207,,02020,Anchorage
2020,2020-05-23,9,808,3,21,2,72,1.02,0.72,0,6443,506,281251,279,207,,02020,Anchorage
2020,2020-05-24,9,808,3,21,2,72,1.02,0.72,0,6558,517,281131,284,207,,02020,Anchorage
2020,2020-05-25,10,808,3,21,2,72,1.06,0.72,0,6675,527,281008,290,207,,02020,Anchorage
2020,2020-05-26,10,808,3,21,2,72,1.06,0.72,0,6795,538,280882,296,210,,02020,Anchorage
2020,2020-05-27,10,808,3,21,2,72,1.1,0.72,0,6917,549,280754,302,210,,02020,Anchorage
2020,2020-05-28,10,808,3,21,2,72,1.1,0.7,0,7041,560,280623,308,214,,02020,Anchorage
2020,2020-05-29,10,808,3,21,2,72,1.14,0.7,0,7168,571,280490,314,216,,02020,Anchorage
2020,2020-05-30,11,808,3,21,2,72,1.16,0.7,0,7298,583,280354,320,217,,02020,Anchorage
2020,2020-05-31,11,808,3,21,2,72,1.2,0.68,0,7430,595,280216,327,232,,02020,Anchorage
2020,2020-06-01,11,808,3,21,2,72,1.18,0.68,0,7565,607,280075,333,235,,02020,Anchorage
2020,2020-06-02,11,808,3,21,2,72,1.22,0.66,0,7702,619,279931,340,250,,02020,Anchorage
2020,2020-06-03,11,808,3,21,2,72,1.2,0.66,0,7842,631,279784,346,258,,02020,Anchorage
2020,2020-06-04,12,808,4,21,2,72,1.22,0.66,0,7985,643,279634,353,263,,02020,Anchorage
2020,2020-06-05,12,808,4,21,2,72,1.22,0.64,0,8131,656,279482,360,278,,02020,Anchorage
2020,2020-06-06,12,808,4,21,2,72,1.2,0.64,0,8280,669,279326,367,282,,02020,Anchorage
2020,2020-06-07,12,808,4,21,2,72,1.22,0.62,0,8431,682,279168,374,289,,02020,Anchorage
2020,2020-06-08,13,808,4,21,2,72,1.18,0.62,0,8585,695,279006,381,300,,02020,Anchorage
2020,2020-06-09,13,808,4,21,2,72,1.18,0.6,1,8742,709,278842,388,305,,02020,Anchorage
2020,2020-06-10,13,808,4,21,2,72,1.18,0.58,1,8903,723,278675,396,314,,02020,Anchorage
2020,2020-06-11,14,808,4,21,3,72,1.14,0.58,1,9066,736,278504,403,322,,02020,Anchorage
2020,2020-06-12,14,808,4,21,3,72,1.14,0.58,2,9232,751,278330,411,331,,02020,Anchorage
2020,2020-06-13,14,808,4,21,3,72,1.1,0.58,2,9402,765,278153,418,339,,02020,Anchorage
2020,2020-06-14,14,808,4,21,3,72,1.1,0.58,3,9574,779,277973,426,345,,02020,Anchorage
2020,2020-06-15,15,808,5,21,3,72,1.1,0.58,3,9750,794,277789,434,346,,02020,Anchorage
2020,2020-06-16,15,808,5,21,3,72,1.1,0.56,4,9929,809,277602,442,354,,02020,Anchorage
2020,2020-06-17,15,808,5,21,3,72,1.06,0.58,4,10111,824,277412,450,354,,02020,Anchorage
2020,2020-06-18,16,808,5,21,3,72,1.06,0.58,5,10296,839,277219,458,349,29195,02020,Anchorage
2020,2020-06-19,16,808,5,21,3,72,,,6,10485,855,277022,466,,,02020,Anchorage
2020,2020-06-20,16,808,5,21,3,72,,,6,10677,870,276822,475,,,02020,Anchorage
2020,2020-06-21,16,808,5,21,3,72,,,7,10872,886,276618,483,,,02020,Anchorage
2020,2020-06-22,17,808,5,21,3,72,,,7,11071,902,276410,491,,,02020,Anchorage
2020,2020-06-23,17,808,5,21,3,72,,,8,11273,919,276200,500,,,02020,Anchorage
2020,2020-06-24,17,808,5,21,3,72,,,8,11479,935,275985,509,,,02020,Anchorage
2020,2020-06-25,18,808,6,21,3,72,,,9,11688,952,275767,518,,,02020,Anchorage
2020,2020-06-26,18,808,6,21,4,72,,,10,11901,968,275545,526,,,02020,Anchorage
2020,2020-06-27,18,808,6,21,4,72,,,10,12117,985,275320,535,,,02020,Anchorage
2020,2020-06-28,19,808,6,21,4,72,,,11,12338,1003,275091,544,,,02020,Anchorage
2020,2020-06-29,19,808,6,21,4,72,,,11,12562,1020,274857,554,,,02020,Anchorage
2020,2020-06-30,20,808,6,21,4,72,,,12,12789,1037,274620,563,,,02020,Anchorage
2020,2020-07-01,20,808,6,21,4,72,,,13,13021,1055,274380,572,,,02020,Anchorage
2020,2020-07-02,20,808,6,21,4,72,,,14,13256,1073,274135,581,,,02020,Anchorage
2020,2020-07-03,21,808,6,21,4,72,,,14,13495,1091,273887,591,,,02020,Anchorage
2020,2020-07-04,21,808,7,21,4,72,,,15,13738,1109,273635,600,,,02020,Anchorage
2020,2020-07-05,21,808,7,21,4,72,,,16,13985,1128,273378,610,,,02020,Anchorage
2020,2020-07-06,22,808,7,21,4,72,,,16,14235,1146,273118,620,,,02020,Anchorage
2020,2020-07-07,22,808,7,21,4,72,,,17,14490,1165,272854,629,,,02020,Anchorage
2020,2020-07-08,22,808,7,21,4,72,,,18,14748,1183,272585,639,,,02020,Anchorage
2020,2020-07-09,23,808,7,21,5,72,,,19,15011,1202,272313,649,,,02020,Anchorage
2020,2020-07-10,23,808,7,21,5,72,,,19,15278,1221,272036,659,,,02020,Anchorage
2020,2020-07-11,24,808,8,21,5,72,,,20,15548,1241,271756,669,,,02020,Anchorage
2020,2020-07-12,24,808,8,21,5,72,,,21,15823,1260,271471,678,,,02020,Anchorage
2020,2020-07-13,24,808,8,21,5,72,,,22,16101,1279,271183,688,,,02020,Anchorage
2020,2020-07-14,25,808,8,21,5,72,,,23,16384,1299,270890,698,,,02020,Anchorage
2020,2020-07-15,25,808,8,21,5,72,,,24,16671,1318,270593,708,,,02020,Anchorage
2020,2020-07-16,26,808,8,21,5,72,,,24,16962,1338,270292,719,,,02020,Anchorage
2020,2020-07-17,26,808,8,21,5,72,,,25,17257,1358,269987,729,,,02020,Anchorage
2020,2020-07-18,26,808,8,21,5,72,,,26,17556,1378,269678,739,,,02020,Anchorage
2020,2020-07-19,27,808,9,21,5,72,,,27,17859,1397,269365,749,,,02020,Anchorage
2020,2020-07-20,27,808,9,21,6,72,,,28,18166,1417,269047,759,,,02020,Anchorage
2020,2020-07-21,28,808,9,21,6,72,,,29,18478,1437,268726,769,,,02020,Anchorage
2020,2020-07-22,28,808,9,21,6,72,,,30,18793,1457,268400,779,,,02020,Anchorage
2020,2020-07-23,29,808,9,21,6,72,,,31,19113,1477,268071,789,,,02020,Anchorage
2020,2020-07-24,29,808,9,21,6,72,,,32,19436,1497,267737,799,,,02020,Anchorage
2020,2020-07-25,29,808,9,21,6,72,,,33,19764,1518,267399,809,,,02020,Anchorage
2020,2020-07-26,30,808,10,21,6,72,,,34,20096,1538,267057,819,,,02020,Anchorage
2020,2020-07-27,30,808,10,21,6,72,,,35,20433,1558,266710,829,,,02020,Anchorage
2020,2020-07-28,31,808,10,21,6,72,,,36,20773,1578,266360,839,,,02020,Anchorage
2020,2020-07-29,31,808,10,21,6,72,,,37,21117,1598,266007,849,,,02020,Anchorage
2020,2020-07-30,32,808,10,21,6,72,,,38,21465,1618,265649,859,,,02020,Anchorage
2020,2020-07-31,32,808,10,21,7,72,,,39,21817,1637,265287,869,,,02020,Anchorage
2020,2020-08-01,32,808,10,21,7,72,,,40,22172,1657,264922,879,,,02020,Anchorage
2020,2020-08-02,33,808,11,21,7,72,,,41,22532,1677,264552,888,,,02020,Anchorage
2020,2020-08-03,33,808,11,21,7,72,,,42,22896,1697,264178,898,,,02020,Anchorage
2020,2020-08-04,34,808,11,21,7,72,,,44,23264,1716,263801,907,,,02020,Anchorage
2020,2020-08-05,34,808,11,21,7,72,,,45,23636,1736,263420,917,,,02020,Anchorage
2020,2020-08-06,35,808,11,21,7,72,,,46,24012,1755,263034,926,,,02020,Anchorage
2020,2020-08-07,35,808,11,21,7,72,,,47,24391,1774,262646,935,,,02020,Anchorage
2020,2020-08-08,35,808,11,21,7,72,,,48,24774,1793,262255,944,,,02020,Anchorage
2020,2020-08-09,36,808,12,21,7,72,,,50,25160,1812,261859,953,,,02020,Anchorage
2020,2020-08-10,36,808,12,21,8,72,,,51,25550,1830,261460,962,,,02020,Anchorage
2020,2020-08-11,37,808,12,21,8,72,,,52,25944,1849,261058,971,,,02020,Anchorage
2020,2020-08-12,37,808,12,21,8,72,,,53,26341,1867,260652,979,,,02020,Anchorage
2020,2020-08-13,38,808,12,21,8,72,,,55,26742,1885,260243,988,,,02020,Anchorage
2020,2020-08-14,38,808,12,21,8,72,,,56,27146,1902,259830,996,,,02020,Anchorage
2020,2020-08-15,38,808,12,21,8,72,,,57,27554,1920,259414,1004,,,02020,Anchorage
2020,2020-08-16,39,808,13,21,8,72,,,58,27965,1937,258995,1012,,,02020,Anchorage
2020,2020-08-17,39,808,13,21,8,72,,,60,28379,1954,258574,1020,,,02020,Anchorage
2020,2020-08-18,40,808,13,21,8,72,,,61,28796,1971,258149,1028,,,02020,Anchorage
2020,2020-08-19,40,808,13,21,8,72,,,62,29215,1987,257722,1035,,,02020,Anchorage
2020,2020-08-20,40,808,13,21,8,72,,,64,29638,2003,257292,1042,,,02020,Anchorage
2020,2020-08-21,41,808,13,21,9,72,,,65,30064,2019,256859,1049,,,02020,Anchorage
2020,2020-08-22,41,808,13,21,9,72,,,67,30493,2034,256424,1056,,,02020,Anchorage
2020,2020-08-23,41,808,13,21,9,72,,,68,30925,2049,255985,1063,,,02020,Anchorage
2020,2020-08-24,42,808,14,21,9,72,,,69,31359,2064,255545,1069,,,02020,Anchorage
2020,2020-08-25,42,808,14,21,9,72,,,71,31796,2078,255101,1075,,,02020,Anchorage
2020,2020-08-26,42,808,14,21,9,72,,,72,32235,2092,254656,1081,,,02020,Anchorage
2020,2020-08-27,43,808,14,21,9,72,,,74,32676,2105,254209,1087,,,02020,Anchorage
2020,2020-08-28,43,808,14,21,9,72,,,75,33120,2118,253761,1092,,,02020,Anchorage
2020,2020-08-29,43,808,14,21,9,72,,,77,33565,2131,253310,1097,,,02020,Anchorage
2020,2020-08-30,44,808,14,21,9,72,,,78,34013,2143,252857,1102,,,02020,Anchorage
2020,2020-08-31,44,808,14,21,9,72,,,80,34462,2154,252403,1107,,,02020,Anchorage
2020,2020-09-01,44,808,14,21,9,72,,,81,34914,2166,251947,1112,,,02020,Anchorage
2020,2020-09-02,45,808,15,21,9,72,,,83,35367,2176,251489,1116,,,02020,Anchorage
2020,2020-09-03,45,808,15,21,10,72,,,84,35823,2187,251030,1120,,,02020,Anchorage
2020,2020-09-04,45,808,15,21,10,72,,,86,36280,2196,250570,1123,,,02020,Anchorage
2020,2020-09-05,46,808,15,21,10,72,,,87,36738,2206,250108,1127,,,02020,Anchorage
2020,2020-09-06,46,808,15,21,10,72,,,89,37198,2214,249645,1130,,,02020,Anchorage
2020,2020-09-07,46,808,15,21,10,72,,,90,37659,2223,249181,1133,,,02020,Anchorage
2020,2020-09-08,46,808,15,21,10,72,,,92,38120,2230,248717,1135,,,02020,Anchorage
2020,2020-09-09,47,808,15,21,10,72,,,93,38583,2238,248252,1138,,,02020,Anchorage
2020,2020-09-10,47,808,15,21,10,72,,,95,39046,2244,247787,1140,,,02020,Anchorage
2020,2020-09-11,47,808,15,21,10,72,,,97,39510,2250,247321,1141,,,02020,Anchorage
2020,2020-09-12,47,808,15,21,10,72,,,98,39975,2256,246855,1143,,,02020,Anchorage
2020,2020-09-13,47,808,15,21,10,72,,,100,40441,2261,246388,1144,,,02020,Anchorage
2020,2020-09-14,48,808,15,21,10,72,,,101,40907,2265,245921,1145,,,02020,Anchorage
2020,2020-09-15,48,808,16,21,10,72,,,103,41373,2269,245454,1145,,,02020,Anchorage
2020,2020-09-16,48,808,16,21,10,72,,,105,41840,2272,244987,1145,,,02020,Anchorage
2020,2020-09-17,48,808,16,21,10,72,,,106,42307,2275,244521,1145,,,02020,Anchorage
2020,2020-09-18,48,808,16,21,10,72,,,108,42774,2277,244054,1145,,,02020,Anchorage
2090,2020-03-19,0,195,0,4,0,12,,,0,0,21,96801,26,5,,02090,Fairbanks North Star Borough
2090,2020-03-20,0,195,0,4,0,12,,,0,11,28,96783,31,6,,02090,Fairbanks North Star Borough
2090,2020-03-21,0,195,0,4,0,12,,,0,26,36,96761,39,7,,02090,Fairbanks North Star Borough
2090,2020-03-22,0,195,0,4,0,12,,,0,44,45,96733,49,7,,02090,Fairbanks North Star Borough
2090,2020-03-23,0,195,0,4,0,12,,,0,67,58,96697,62,7,,02090,Fairbanks North Star Borough
2090,2020-03-24,0,195,0,4,0,12,,,0,96,73,96651,79,9,,02090,Fairbanks North Star Borough
2090,2020-03-25,0,195,0,4,0,12,,,0,132,93,96595,99,11,,02090,Fairbanks North Star Borough
2090,2020-03-26,0,195,0,4,0,12,,,0,177,116,96529,120,15,,02090,Fairbanks North Star Borough
2090,2020-03-27,0,195,0,4,0,12,,,0,230,143,96452,143,19,,02090,Fairbanks North Star Borough
2090,2020-03-28,0,195,0,4,0,12,,,0,294,174,96364,168,23,,02090,Fairbanks North Star Borough
2090,2020-03-29,0,195,0,4,0,12,,,0,367,209,96266,193,28,,02090,Fairbanks North Star Borough
2090,2020-03-30,0,195,0,4,0,12,,,0,451,246,96158,217,31,,02090,Fairbanks North Star Borough
2090,2020-03-31,1,195,0,4,0,12,,,0,544,285,96042,239,35,,02090,Fairbanks North Star Borough
2090,2020-04-01,1,195,0,4,0,12,,,0,646,324,95922,258,40,,02090,Fairbanks North Star Borough
2090,2020-04-02,1,195,0,4,0,12,,,0,754,362,95799,272,42,,02090,Fairbanks North Star Borough
2090,2020-04-03,1,195,0,4,0,12,,,0,867,398,95678,280,42,,02090,Fairbanks North Star Borough
2090,2020-04-04,1,195,0,4,0,12,,,0,982,428,95564,280,46,,02090,Fairbanks North Star Borough
2090,2020-04-05,2,195,0,4,0,12,,,0,1095,451,95458,272,53,,02090,Fairbanks North Star Borough
2090,2020-04-06,2,195,0,4,0,12,,,0,1203,465,95367,256,54,,02090,Fairbanks North Star Borough
2090,2020-04-07,2,195,0,4,0,12,,,0,1303,470,95291,232,65,,02090,Fairbanks North Star Borough
2090,2020-04-08,2,195,0,4,0,12,,,0,1393,464,95224,208,71,,02090,Fairbanks North Star Borough
2090,2020-04-09,2,195,0,4,0,12,,,0,1475,452,95159,192,73,,02090,Fairbanks North Star Borough
2090,2020-04-10,3,195,1,4,0,12,,,0,1550,437,95096,179,76,,02090,Fairbanks North Star Borough
2090,2020-04-11,3,195,1,4,0,12,,,0,1622,420,95035,169,76,,02090,Fairbanks North Star Borough
2090,2020-04-12,3,195,1,4,0,12,,,0,1689,403,94977,160,79,,02090,Fairbanks North Star Borough
2090,2020-04-13,3,195,1,4,0,12,,,0,1753,386,94921,152,79,,02090,Fairbanks North Star Borough
2090,2020-04-14,3,195,1,4,0,12,,,0,1814,370,94867,145,79,,02090,Fairbanks North Star Borough
2090,2020-04-15,3,195,1,4,0,12,,,0,1872,354,94815,139,79,,02090,Fairbanks North Star Borough
2090,2020-04-16,3,195,1,4,0,12,,,0,1927,339,94766,132,79,,02090,Fairbanks North Star Borough
2090,2020-04-17,3,195,1,4,0,12,,,0,1980,324,94719,127,79,,02090,Fairbanks North Star Borough
2090,2020-04-18,3,195,1,4,0,12,,,0,2031,310,94674,121,79,,02090,Fairbanks North Star Borough
2090,2020-04-19,3,195,1,4,0,12,,,0,2079,296,94631,116,79,,02090,Fairbanks North Star Borough
2090,2020-04-20,2,195,1,4,0,12,,,0,2125,283,94590,110,79,,02090,Fairbanks North Star Borough
2090,2020-04-21,2,195,0,4,0,12,,,0,2170,271,94550,106,79,,02090,Fairbanks North Star Borough
2090,2020-04-22,2,195,0,4,0,12,,,0,2212,259,94512,102,79,,02090,Fairbanks North Star Borough
2090,2020-04-23,2,195,0,4,0,12,,,0,2253,248,94473,99,79,,02090,Fairbanks North Star Borough
2090,2020-04-24,2,195,0,4,0,12,,,0,2294,239,94435,98,79,,02090,Fairbanks North Star Borough
2090,2020-04-25,2,195,0,4,0,12,,,0,2333,230,94396,97,79,,02090,Fairbanks North Star Borough
2090,2020-04-26,2,195,0,4,0,12,,,0,2373,223,94357,96,80,,02090,Fairbanks North Star Borough
2090,2020-04-27,2,195,0,4,0,12,,,0,2412,218,94318,96,80,,02090,Fairbanks North Star Borough
2090,2020-04-28,2,195,0,4,0,12,,,0,2452,213,94278,97,81,,02090,Fairbanks North Star Borough
2090,2020-04-29,2,195,0,4,0,12,,,0,2491,209,94237,97,81,,02090,Fairbanks North Star Borough
2090,2020-04-30,2,195,0,4,0,12,,,0,2531,207,94196,98,81,,02090,Fairbanks North Star Borough
2090,2020-05-01,2,195,0,4,0,12,,,0,2572,205,94154,100,82,,02090,Fairbanks North Star Borough
2090,2020-05-02,2,195,0,4,0,12,,,0,2614,205,94110,102,83,,02090,Fairbanks North Star Borough
2090,2020-05-03,2,195,0,4,0,12,,,0,2656,205,94066,104,83,,02090,Fairbanks North Star Borough
2090,2020-05-04,2,195,0,4,0,12,,,0,2699,206,94019,107,83,,02090,Fairbanks North Star Borough
2090,2020-05-05,2,195,0,4,0,12,,,0,2744,208,93972,110,83,,02090,Fairbanks North Star Borough
2090,2020-05-06,1,195,0,4,0,12,,,0,2790,211,93922,114,83,,02090,Fairbanks North Star Borough
2090,2020-05-07,1,195,0,4,0,12,,,0,2837,215,93873,116,83,,02090,Fairbanks North Star Borough
2090,2020-05-08,1,195,0,4,0,12,,,0,2885,219,93822,119,83,,02090,Fairbanks North Star Borough
2090,2020-05-09,1,195,0,4,0,12,,,0,2934,223,93770,121,83,,02090,Fairbanks North Star Borough
2090,2020-05-10,1,195,0,4,0,12,,,0,2984,227,93718,124,84,,02090,Fairbanks North Star Borough
2090,2020-05-11,1,195,0,4,0,12,,,0,3035,231,93665,126,85,,02090,Fairbanks North Star Borough
2090,2020-05-12,1,195,0,4,0,12,,,0,3087,235,93610,128,85,,02090,Fairbanks North Star Borough
2090,2020-05-13,1,195,0,4,0,12,,,0,3140,240,93555,130,85,,02090,Fairbanks North Star Borough
2090,2020-05-14,1,195,0,4,0,12,,,0,3194,244,93499,133,85,,02090,Fairbanks North Star Borough
2090,2020-05-15,2,195,0,4,0,12,,,0,3249,248,93442,135,85,,02090,Fairbanks North Star Borough
2090,2020-05-16,2,195,0,4,0,12,,,0,3305,253,93384,138,85,,02090,Fairbanks North Star Borough
2090,2020-05-17,2,195,0,4,0,12,,,0,3361,257,93324,140,85,,02090,Fairbanks North Star Borough
2090,2020-05-18,2,195,0,4,0,12,,,0,3419,262,93264,142,85,,02090,Fairbanks North Star Borough
2090,2020-05-19,2,195,0,4,0,12,,,0,3478,267,93203,145,85,,02090,Fairbanks North Star Borough
2090,2020-05-20,2,195,0,4,0,12,,,0,3538,272,93140,147,85,,02090,Fairbanks North Star Borough
2090,2020-05-21,2,195,0,4,0,12,,,0,3599,276,93077,150,85,,02090,Fairbanks North Star Borough
2090,2020-05-22,2,195,0,4,0,12,,,0,3661,281,93013,153,85,,02090,Fairbanks North Star Borough
2090,2020-05-23,2,195,0,4,0,12,,,0,3724,286,92947,155,85,,02090,Fairbanks North Star Borough
2090,2020-05-24,2,195,0,4,0,12,,,0,3788,291,92880,158,85,,02090,Fairbanks North Star Borough
2090,2020-05-25,2,195,0,4,0,12,,,0,3853,296,92813,160,85,,02090,Fairbanks North Star Borough
2090,2020-05-26,2,195,0,4,0,12,,,0,3919,301,92744,163,85,,02090,Fairbanks North Star Borough
2090,2020-05-27,2,195,0,4,0,12,,,0,3986,306,92674,166,85,,02090,Fairbanks North Star Borough
2090,2020-05-28,2,195,0,4,0,12,,,0,4055,311,92603,169,85,,02090,Fairbanks North Star Borough
2090,2020-05-29,2,195,0,4,0,12,,,0,4124,317,92530,171,85,,02090,Fairbanks North Star Borough
2090,2020-05-30,2,195,0,4,0,12,,,0,4195,322,92457,174,85,,02090,Fairbanks North Star Borough
2090,2020-05-31,2,195,0,4,0,12,,,0,4266,327,92382,177,85,,02090,Fairbanks North Star Borough
2090,2020-06-01,2,195,0,4,0,12,,,0,4339,333,92307,180,85,,02090,Fairbanks North Star Borough
2090,2020-06-02,2,195,0,4,0,12,,,0,4413,338,92230,183,85,,02090,Fairbanks North Star Borough
2090,2020-06-03,2,195,0,4,0,12,,,0,4489,344,92152,185,85,,02090,Fairbanks North Star Borough
2090,2020-06-04,2,195,0,4,0,12,,,0,4565,349,92073,188,85,,02090,Fairbanks North Star Borough
2090,2020-06-05,2,195,0,4,0,12,,,0,4643,355,91992,191,86,,02090,Fairbanks North Star Borough
2090,2020-06-06,2,195,0,4,0,12,,,0,4721,360,91910,194,86,,02090,Fairbanks North Star Borough
2090,2020-06-07,2,195,0,4,0,12,,,0,4801,366,91828,197,86,,02090,Fairbanks North Star Borough
2090,2020-06-08,2,195,0,4,0,12,,,0,4882,372,91743,200,86,,02090,Fairbanks North Star Borough
2090,2020-06-09,2,195,0,4,0,12,,,0,4965,377,91658,203,86,,02090,Fairbanks North Star Borough
2090,2020-06-10,2,195,0,4,0,12,,,0,5048,383,91572,206,86,,02090,Fairbanks North Star Borough
2090,2020-06-11,3,195,0,4,0,12,,,0,5133,389,91484,209,89,,02090,Fairbanks North Star Borough
2090,2020-06-12,3,195,1,4,0,12,,,0,5219,395,91395,212,90,,02090,Fairbanks North Star Borough
2090,2020-06-13,3,195,1,4,0,12,,,0,5306,401,91304,215,94,,02090,Fairbanks North Star Borough
2090,2020-06-14,3,195,1,4,0,12,,,0,5395,406,91213,218,98,,02090,Fairbanks North Star Borough
2090,2020-06-15,3,195,1,4,0,12,,,0,5485,412,91120,221,98,,02090,Fairbanks North Star Borough
2090,2020-06-16,3,195,1,4,0,12,,,1,5576,418,91026,224,98,,02090,Fairbanks North Star Borough
2090,2020-06-17,3,195,1,4,0,12,,,1,5668,424,90931,227,98,,02090,Fairbanks North Star Borough
2090,2020-06-18,3,195,1,4,0,12,,,1,5761,430,90834,230,104,5460,02090,Fairbanks North Star Borough
2090,2020-06-19,3,195,1,4,0,12,,,2,5856,436,90737,233,,,02090,Fairbanks North Star Borough
2090,2020-06-20,3,195,1,4,0,12,,,2,5952,442,90638,236,,,02090,Fairbanks North Star Borough
2090,2020-06-21,3,195,1,4,0,12,,,2,6049,448,90538,239,,,02090,Fairbanks North Star Borough
2090,2020-06-22,3,195,1,4,0,12,,,2,6147,454,90436,242,,,02090,Fairbanks North Star Borough
2090,2020-06-23,3,195,1,4,0,12,,,3,6247,460,90334,245,,,02090,Fairbanks North Star Borough
2090,2020-06-24,3,195,1,4,0,12,,,3,6348,467,90230,248,,,02090,Fairbanks North Star Borough
2090,2020-06-25,3,195,1,4,0,12,,,3,6450,473,90124,251,,,02090,Fairbanks North Star Borough
2090,2020-06-26,3,195,1,4,0,12,,,4,6553,479,90018,255,,,02090,Fairbanks North Star Borough
2090,2020-06-27,3,195,1,4,0,12,,,4,6658,485,89911,258,,,02090,Fairbanks North Star Borough
2090,2020-06-28,3,195,1,4,0,12,,,4,6764,491,89802,261,,,02090,Fairbanks North Star Borough
2090,2020-06-29,3,195,1,4,0,12,,,5,6871,497,89692,264,,,02090,Fairbanks North Star Borough
2090,2020-06-30,3,195,1,4,0,12,,,5,6979,503,89580,267,,,02090,Fairbanks North Star Borough
2090,2020-07-01,4,195,1,4,0,12,,,5,7088,509,89468,270,,,02090,Fairbanks North Star Borough
2090,2020-07-02,4,195,1,4,0,12,,,6,7199,515,89354,273,,,02090,Fairbanks North Star Borough
2090,2020-07-03,4,195,1,4,0,12,,,6,7311,521,89240,276,,,02090,Fairbanks North Star Borough
2090,2020-07-04,4,195,1,4,0,12,,,6,7424,527,89124,278,,,02090,Fairbanks North Star Borough
2090,2020-07-05,4,195,1,4,0,12,,,7,7538,533,89006,281,,,02090,Fairbanks North Star Borough
2090,2020-07-06,4,195,1,4,0,12,,,7,7654,539,88888,284,,,02090,Fairbanks North Star Borough
2090,2020-07-07,4,195,1,4,0,12,,,7,7770,545,88768,287,,,02090,Fairbanks North Star Borough
2090,2020-07-08,4,195,1,4,0,12,,,8,7888,551,88648,290,,,02090,Fairbanks North Star Borough
2090,2020-07-09,4,195,1,4,0,12,,,8,8007,556,88526,293,,,02090,Fairbanks North Star Borough
2090,2020-07-10,4,195,1,4,0,12,,,8,8127,562,88404,295,,,02090,Fairbanks North Star Borough
2090,2020-07-11,4,195,1,4,0,12,,,9,8248,568,88280,298,,,02090,Fairbanks North Star Borough
2090,2020-07-12,4,195,1,4,1,12,,,9,8370,574,88155,301,,,02090,Fairbanks North Star Borough
2090,2020-07-13,4,195,1,4,1,12,,,10,8494,579,88029,304,,,02090,Fairbanks North Star Borough
2090,2020-07-14,4,195,1,4,1,12,,,10,8618,585,87901,306,,,02090,Fairbanks North Star Borough
2090,2020-07-15,4,195,1,4,1,12,,,10,8744,590,87773,309,,,02090,Fairbanks North Star Borough
2090,2020-07-16,4,195,1,4,1,12,,,11,8871,595,87644,311,,,02090,Fairbanks North Star Borough
2090,2020-07-17,4,195,1,4,1,12,,,11,8999,601,87513,314,,,02090,Fairbanks North Star Borough
2090,2020-07-18,5,195,1,4,1,12,,,12,9127,606,87382,316,,,02090,Fairbanks North Star Borough
2090,2020-07-19,5,195,1,4,1,12,,,13,9257,611,87251,319,,,02090,Fairbanks North Star Borough
2090,2020-07-20,5,195,1,4,1,12,,,13,9387,616,87118,321,,,02090,Fairbanks North Star Borough
2090,2020-07-21,5,195,1,4,1,12,,,14,9519,621,86984,323,,,02090,Fairbanks North Star Borough
2090,2020-07-22,5,195,1,4,1,12,,,14,9651,626,86849,325,,,02090,Fairbanks North Star Borough
2090,2020-07-23,5,195,1,4,1,12,,,15,9784,631,86714,328,,,02090,Fairbanks North Star Borough
2090,2020-07-24,5,195,1,4,1,12,,,15,9918,636,86578,330,,,02090,Fairbanks North Star Borough
2090,2020-07-25,5,195,2,4,1,12,,,16,10053,640,86441,332,,,02090,Fairbanks North Star Borough
2090,2020-07-26,5,195,2,4,1,12,,,17,10189,645,86303,334,,,02090,Fairbanks North Star Borough
2090,2020-07-27,5,195,2,4,1,12,,,17,10326,649,86164,336,,,02090,Fairbanks North Star Borough
2090,2020-07-28,5,195,2,4,1,12,,,18,10463,654,86025,338,,,02090,Fairbanks North Star Borough
2090,2020-07-29,5,195,2,4,1,12,,,19,10601,658,85885,339,,,02090,Fairbanks North Star Borough
2090,2020-07-30,5,195,2,4,1,12,,,19,10740,662,85744,341,,,02090,Fairbanks North Star Borough
2090,2020-07-31,5,195,2,4,1,12,,,20,10880,666,85603,343,,,02090,Fairbanks North Star Borough
2090,2020-08-01,5,195,2,4,1,12,,,20,11020,670,85461,345,,,02090,Fairbanks North Star Borough
2090,2020-08-02,6,195,2,4,1,12,,,21,11161,673,85319,346,,,02090,Fairbanks North Star Borough
2090,2020-08-03,6,195,2,4,1,12,,,22,11302,677,85176,348,,,02090,Fairbanks North Star Borough
2090,2020-08-04,6,195,2,4,1,12,,,22,11444,680,85033,349,,,02090,Fairbanks North Star Borough
2090,2020-08-05,6,195,2,4,1,12,,,23,11587,684,84889,350,,,02090,Fairbanks North Star Borough
2090,2020-08-06,6,195,2,4,1,12,,,24,11730,687,84744,351,,,02090,Fairbanks North Star Borough
2090,2020-08-07,6,195,2,4,1,12,,,24,11874,690,84599,353,,,02090,Fairbanks North Star Borough
2090,2020-08-08,6,195,2,4,1,12,,,25,12018,693,84454,354,,,02090,Fairbanks North Star Borough
2090,2020-08-09,6,195,2,4,1,12,,,26,12163,696,84308,355,,,02090,Fairbanks North Star Borough
2090,2020-08-10,6,195,2,4,1,12,,,27,12308,698,84162,356,,,02090,Fairbanks North Star Borough
2090,2020-08-11,6,195,2,4,1,12,,,27,12453,701,84016,357,,,02090,Fairbanks North Star Borough
2090,2020-08-12,6,195,2,4,1,12,,,28,12599,703,83870,357,,,02090,Fairbanks North Star Borough
2090,2020-08-13,6,195,2,4,1,12,,,29,12745,705,83723,358,,,02090,Fairbanks North Star Borough
2090,2020-08-14,6,195,2,4,1,12,,,29,12891,707,83576,359,,,02090,Fairbanks North Star Borough
2090,2020-08-15,6,195,2,4,1,12,,,30,13037,709,83429,359,,,02090,Fairbanks North Star Borough
2090,2020-08-16,6,195,2,4,1,12,,,31,13184,710,83282,359,,,02090,Fairbanks North Star Borough
2090,2020-08-17,6,195,2,4,1,12,,,32,13331,712,83135,360,,,02090,Fairbanks North Star Borough
2090,2020-08-18,6,195,2,4,1,12,,,32,13478,713,82988,360,,,02090,Fairbanks North Star Borough
2090,2020-08-19,6,195,2,4,1,12,,,33,13625,714,82841,360,,,02090,Fairbanks North Star Borough
2090,2020-08-20,6,195,2,4,1,12,,,34,13772,715,82694,360,,,02090,Fairbanks North Star Borough
2090,2020-08-21,6,195,2,4,1,12,,,35,13919,716,82547,360,,,02090,Fairbanks North Star Borough
2090,2020-08-22,6,195,2,4,1,12,,,35,14066,717,82400,360,,,02090,Fairbanks North Star Borough
2090,2020-08-23,6,195,2,4,1,12,,,36,14213,717,82253,360,,,02090,Fairbanks North Star Borough
2090,2020-08-24,6,195,2,4,1,12,,,37,14360,717,82106,360,,,02090,Fairbanks North Star Borough
2090,2020-08-25,6,195,2,4,1,12,,,38,14507,718,81960,359,,,02090,Fairbanks North Star Borough
2090,2020-08-26,6,195,2,4,1,12,,,39,14653,718,81814,359,,,02090,Fairbanks North Star Borough
2090,2020-08-27,6,195,2,4,1,12,,,39,14800,717,81668,358,,,02090,Fairbanks North Star Borough
2090,2020-08-28,6,195,2,4,1,12,,,40,14946,717,81522,358,,,02090,Fairbanks North Star Borough
2090,2020-08-29,6,195,2,4,1,12,,,41,15092,716,81377,357,,,02090,Fairbanks North Star Borough
2090,2020-08-30,6,195,2,4,1,12,,,42,15237,716,81232,356,,,02090,Fairbanks North Star Borough
2090,2020-08-31,6,195,2,4,1,12,,,42,15383,715,81088,355,,,02090,Fairbanks North Star Borough
2090,2020-09-01,6,195,2,4,1,12,,,43,15528,714,80944,354,,,02090,Fairbanks North Star Borough
2090,2020-09-02,6,195,2,4,1,12,,,44,15672,712,80800,353,,,02090,Fairbanks North Star Borough
2090,2020-09-03,6,195,2,4,1,12,,,45,15816,711,80657,352,,,02090,Fairbanks North Star Borough
2090,2020-09-04,6,195,2,4,1,12,,,46,15960,710,80515,351,,,02090,Fairbanks North Star Borough
2090,2020-09-05,6,195,2,4,1,12,,,46,16103,708,80373,350,,,02090,Fairbanks North Star Borough
2090,2020-09-06,6,195,2,4,1,12,,,47,16246,706,80232,349,,,02090,Fairbanks North Star Borough
2090,2020-09-07,6,195,2,4,1,12,,,48,16388,704,80091,347,,,02090,Fairbanks North Star Borough
2090,2020-09-08,6,195,2,4,1,12,,,49,16529,702,79951,346,,,02090,Fairbanks North Star Borough
2090,2020-09-09,6,195,2,4,1,12,,,49,16670,699,79812,344,,,02090,Fairbanks North Star Borough
2090,2020-09-10,6,195,2,4,1,12,,,50,16810,697,79673,342,,,02090,Fairbanks North Star Borough
2090,2020-09-11,6,195,2,4,1,12,,,51,16950,694,79535,341,,,02090,Fairbanks North Star Borough
2090,2020-09-12,6,195,2,4,1,12,,,52,17088,691,79398,339,,,02090,Fairbanks North Star Borough
2090,2020-09-13,6,195,2,4,1,12,,,53,17227,688,79262,337,,,02090,Fairbanks North Star Borough
2090,2020-09-14,6,195,2,4,1,12,,,53,17364,685,79127,335,,,02090,Fairbanks North Star Borough
2090,2020-09-15,6,195,2,4,1,12,,,54,17501,682,78992,333,,,02090,Fairbanks North Star Borough
2090,2020-09-16,6,195,2,4,1,12,,,55,17636,679,78858,331,,,02090,Fairbanks North Star Borough
2090,2020-09-17,6,195,2,4,1,12,,,56,17771,675,78725,329,,,02090,Fairbanks North Star Borough
2090,2020-09-18,6,195,2,4,1,12,,,56,17905,672,78594,327,,,02090,Fairbanks North Star Borough
2122,2020-04-06,0,70,0,1,0,5,1.02,1.72,0,0,6,58693,7,12,,02122,Kenai Peninsula Borough
2122,2020-04-07,0,70,0,1,0,5,1.02,1.68,0,3,8,58688,9,12,,02122,Kenai Peninsula Borough
2122,2020-04-08,0,70,0,1,0,5,0.92,1.6,0,8,11,58680,12,12,,02122,Kenai Peninsula Borough
2122,2020-04-09,0,70,0,1,0,5,0.92,1.6,0,13,14,58671,15,13,,02122,Kenai Peninsula Borough
2122,2020-04-10,0,70,0,1,0,5,0.92,1.6,0,21,18,58660,20,14,,02122,Kenai Peninsula Borough
2122,2020-04-11,0,70,0,1,0,5,0.92,1.6,0,30,23,58645,25,14,,02122,Kenai Peninsula Borough
2122,2020-04-12,0,70,0,1,0,5,0.92,1.6,0,42,29,58626,32,14,,02122,Kenai Peninsula Borough
2122,2020-04-13,0,70,0,1,0,5,0.92,1.6,0,57,37,58602,41,14,,02122,Kenai Peninsula Borough
2122,2020-04-14,0,70,0,1,0,5,0.92,1.6,0,76,48,58573,51,14,,02122,Kenai Peninsula Borough
2122,2020-04-15,0,70,0,1,0,5,0.92,1.6,0,99,60,58539,62,15,,02122,Kenai Peninsula Borough
2122,2020-04-16,0,70,0,1,0,5,0.94,1.6,0,127,74,58498,75,15,,02122,Kenai Peninsula Borough
2122,2020-04-17,0,70,0,1,0,5,0.94,1.6,0,160,91,58451,88,16,,02122,Kenai Peninsula Borough
2122,2020-04-18,0,70,0,1,0,5,0.94,1.6,0,199,109,58398,103,18,,02122,Kenai Peninsula Borough
2122,2020-04-19,0,70,0,1,0,5,0.94,1.6,0,245,130,58337,118,18,,02122,Kenai Peninsula Borough
2122,2020-04-20,0,70,0,1,0,5,0.94,1.6,0,296,152,58271,133,18,,02122,Kenai Peninsula Borough
2122,2020-04-21,0,70,0,1,0,5,0.94,1.6,0,353,176,58200,147,18,,02122,Kenai Peninsula Borough
2122,2020-04-22,0,70,0,1,0,5,0.94,1.6,0,416,200,58125,159,18,,02122,Kenai Peninsula Borough
2122,2020-04-23,0,70,0,1,0,5,0.94,1.6,0,483,224,58048,169,18,,02122,Kenai Peninsula Borough
2122,2020-04-24,1,70,0,1,0,5,0.94,1.62,0,553,246,57970,176,18,,02122,Kenai Peninsula Borough
2122,2020-04-25,1,70,0,1,0,5,0.94,1.62,0,626,267,57894,179,18,,02122,Kenai Peninsula Borough
2122,2020-04-26,1,70,0,1,0,5,0.94,1.62,0,700,284,57822,178,18,,02122,Kenai Peninsula Borough
2122,2020-04-27,1,70,0,1,0,5,0.94,1.62,0,772,297,57752,176,18,,02122,Kenai Peninsula Borough
2122,2020-04-28,1,70,0,1,0,5,0.96,1.6,0,844,307,57679,176,18,,02122,Kenai Peninsula Borough
2122,2020-04-29,1,70,0,1,0,5,0.96,1.6,0,916,316,57605,179,18,,02122,Kenai Peninsula Borough
2122,2020-04-30,1,70,0,1,0,5,0.96,1.6,0,990,324,57528,182,18,,02122,Kenai Peninsula Borough
2122,2020-05-01,2,70,0,1,0,5,0.96,1.6,0,1065,332,57450,185,20,,02122,Kenai Peninsula Borough
2122,2020-05-02,2,70,0,1,0,5,0.96,1.6,0,1141,339,57370,189,20,,02122,Kenai Peninsula Borough
2122,2020-05-03,2,70,0,1,0,5,0.96,1.62,0,1219,347,57288,193,21,,02122,Kenai Peninsula Borough
2122,2020-05-04,2,70,0,1,0,5,0.96,1.62,0,1299,355,57204,197,21,,02122,Kenai Peninsula Borough
2122,2020-05-05,2,70,0,1,0,5,0.96,1.62,0,1380,363,57119,201,21,,02122,Kenai Peninsula Borough
2122,2020-05-06,2,70,0,1,0,5,0.96,1.62,0,1463,371,57031,205,21,,02122,Kenai Peninsula Borough
2122,2020-05-07,2,70,0,1,0,5,0.96,1.62,0,1548,379,56942,209,22,,02122,Kenai Peninsula Borough
2122,2020-05-08,2,70,0,1,0,5,0.96,1.62,0,1635,387,56852,214,22,,02122,Kenai Peninsula Borough
2122,2020-05-09,2,70,1,1,0,5,0.96,1.62,0,1723,395,56759,218,23,,02122,Kenai Peninsula Borough
2122,2020-05-10,3,70,1,1,0,5,0.96,1.62,0,1813,404,56665,222,23,,02122,Kenai Peninsula Borough
2122,2020-05-11,3,70,1,1,0,5,0.96,1.62,0,1905,412,56569,227,23,,02122,Kenai Peninsula Borough
2122,2020-05-12,3,70,1,1,0,5,0.96,1.64,0,1998,420,56471,231,23,,02122,Kenai Peninsula Borough
2122,2020-05-13,3,70,1,1,0,5,0.96,1.64,0,2093,429,56371,236,23,,02122,Kenai Peninsula Borough
2122,2020-05-14,3,70,1,1,0,5,0.98,1.62,0,2191,437,56269,240,23,,02122,Kenai Peninsula Borough
2122,2020-05-15,3,70,1,1,0,5,0.98,1.62,0,2290,446,56166,244,23,,02122,Kenai Peninsula Borough
2122,2020-05-16,3,70,1,1,0,5,0.98,1.62,0,2390,455,56061,249,24,,02122,Kenai Peninsula Borough
2122,2020-05-17,3,70,1,1,0,5,0.98,1.62,0,2493,463,55954,253,25,,02122,Kenai Peninsula Borough
2122,2020-05-18,3,70,1,1,0,5,0.98,1.62,0,2597,472,55845,258,25,,02122,Kenai Peninsula Borough
2122,2020-05-19,3,70,1,1,0,5,0.98,1.62,0,2703,481,55735,262,25,,02122,Kenai Peninsula Borough
2122,2020-05-20,3,70,1,1,0,5,0.98,1.62,0,2811,489,55623,266,25,,02122,Kenai Peninsula Borough
2122,2020-05-21,4,70,1,1,0,5,0.98,1.64,0,2921,498,55509,270,25,,02122,Kenai Peninsula Borough
2122,2020-05-22,4,70,1,1,0,5,1,3.72,0,3032,506,55394,274,25,,02122,Kenai Peninsula Borough
2122,2020-05-23,4,70,1,1,0,5,1,3.22,0,3145,515,55277,279,25,,02122,Kenai Peninsula Borough
2122,2020-05-24,4,70,1,1,0,5,1,2.92,0,3259,523,55158,283,25,,02122,Kenai Peninsula Borough
2122,2020-05-25,4,70,1,1,0,5,1,2.7,0,3376,532,55038,287,28,,02122,Kenai Peninsula Borough
2122,2020-05-26,4,70,1,1,0,5,1.2,2.7,0,3493,540,54916,291,28,,02122,Kenai Peninsula Borough
2122,2020-05-27,4,70,1,1,0,5,1.18,2.4,0,3613,548,54793,295,28,,02122,Kenai Peninsula Borough
2122,2020-05-28,4,70,1,1,0,5,1.38,2.24,0,3734,556,54668,298,35,,02122,Kenai Peninsula Borough
2122,2020-05-29,4,70,1,1,0,5,1.34,1.98,0,3856,565,54541,302,38,,02122,Kenai Peninsula Borough
2122,2020-05-30,4,70,1,1,0,5,1.48,1.82,0,3981,573,54413,306,40,,02122,Kenai Peninsula Borough
2122,2020-05-31,4,70,1,1,0,5,1.42,1.64,0,4106,580,54284,310,48,,02122,Kenai Peninsula Borough
2122,2020-06-01,4,70,1,1,0,5,1.38,1.52,0,4234,588,54153,313,52,,02122,Kenai Peninsula Borough
2122,2020-06-02,5,70,1,1,1,5,1.46,1.42,0,4362,596,54020,317,57,,02122,Kenai Peninsula Borough
2122,2020-06-03,5,70,2,1,1,5,1.42,1.3,0,4493,604,53887,321,63,,02122,Kenai Peninsula Borough
2122,2020-06-04,5,70,2,1,1,5,1.38,1.22,0,4624,611,53752,324,68,,02122,Kenai Peninsula Borough
2122,2020-06-05,5,70,2,1,1,5,1.34,1.16,0,4757,618,53615,327,73,,02122,Kenai Peninsula Borough
2122,2020-06-06,5,70,2,1,1,5,1.32,1.1,0,4892,626,53478,331,83,,02122,Kenai Peninsula Borough
2122,2020-06-07,5,70,2,1,1,5,1.28,1.06,0,5027,633,53339,334,84,,02122,Kenai Peninsula Borough
2122,2020-06-08,5,70,2,1,1,5,1.28,1,0,5164,640,53199,337,88,,02122,Kenai Peninsula Borough
2122,2020-06-09,5,70,2,1,1,5,1.26,0.98,0,5303,647,53057,340,91,,02122,Kenai Peninsula Borough
2122,2020-06-10,5,70,2,1,1,5,1.24,0.94,0,5442,653,52915,343,101,,02122,Kenai Peninsula Borough
2122,2020-06-11,5,70,2,1,1,5,1.16,0.92,0,5582,660,52772,346,104,,02122,Kenai Peninsula Borough
2122,2020-06-12,5,70,2,1,1,5,1.16,0.9,0,5724,666,52627,348,109,,02122,Kenai Peninsula Borough
2122,2020-06-13,5,70,2,1,1,5,1.16,0.88,0,5867,672,52482,351,115,,02122,Kenai Peninsula Borough
2122,2020-06-14,5,70,2,1,1,5,1.1,0.86,0,6011,678,52336,353,115,,02122,Kenai Peninsula Borough
2122,2020-06-15,6,70,2,1,1,5,1.1,0.84,0,6155,683,52189,356,116,,02122,Kenai Peninsula Borough
2122,2020-06-16,6,70,2,1,1,5,1.1,0.84,0,6301,689,52041,358,120,,02122,Kenai Peninsula Borough
2122,2020-06-17,6,70,2,1,1,5,1.08,0.84,0,6447,694,51893,360,120,,02122,Kenai Peninsula Borough
2122,2020-06-18,6,70,2,1,1,5,1.04,0.82,1,6595,699,51743,362,82,4327,02122,Kenai Peninsula Borough
2122,2020-06-19,6,70,2,1,1,5,,,2,6743,704,51594,364,,,02122,Kenai Peninsula Borough
2122,2020-06-20,6,70,2,1,1,5,,,2,6891,708,51443,365,,,02122,Kenai Peninsula Borough
2122,2020-06-21,6,70,2,1,1,5,,,3,7041,712,51293,367,,,02122,Kenai Peninsula Borough
2122,2020-06-22,6,70,2,1,1,5,,,4,7190,716,51141,368,,,02122,Kenai Peninsula Borough
2122,2020-06-23,6,70,2,1,1,5,,,4,7341,720,50990,369,,,02122,Kenai Peninsula Borough
2122,2020-06-24,6,70,2,1,1,5,,,5,7492,724,50838,370,,,02122,Kenai Peninsula Borough
2122,2020-06-25,6,70,2,1,1,5,,,6,7643,727,50686,371,,,02122,Kenai Peninsula Borough
2122,2020-06-26,6,70,2,1,1,5,,,7,7795,730,50533,372,,,02122,Kenai Peninsula Borough
2122,2020-06-27,6,70,2,1,1,5,,,7,7946,732,50381,373,,,02122,Kenai Peninsula Borough
2122,2020-06-28,6,70,2,1,1,5,,,8,8098,734,50228,373,,,02122,Kenai Peninsula Borough
2122,2020-06-29,6,70,2,1,1,5,,,9,8251,737,50076,373,,,02122,Kenai Peninsula Borough
2122,2020-06-30,6,70,2,1,1,5,,,10,8403,738,49924,373,,,02122,Kenai Peninsula Borough
2122,2020-07-01,6,70,2,1,1,5,,,10,8555,740,49771,373,,,02122,Kenai Peninsula Borough
2122,2020-07-02,6,70,2,1,1,5,,,11,8708,741,49619,373,,,02122,Kenai Peninsula Borough
2122,2020-07-03,6,70,2,1,1,5,,,12,8860,742,49467,373,,,02122,Kenai Peninsula Borough
2122,2020-07-04,7,70,2,1,1,5,,,13,9012,742,49316,372,,,02122,Kenai Peninsula Borough
2122,2020-07-05,7,70,2,1,1,5,,,14,9164,742,49165,372,,,02122,Kenai Peninsula Borough
2122,2020-07-06,7,70,2,1,1,5,,,14,9315,742,49014,371,,,02122,Kenai Peninsula Borough
2122,2020-07-07,7,70,2,1,1,5,,,15,9466,742,48864,370,,,02122,Kenai Peninsula Borough
2122,2020-07-08,7,70,2,1,1,5,,,16,9617,741,48714,369,,,02122,Kenai Peninsula Borough
2122,2020-07-09,7,70,2,1,1,5,,,17,9768,740,48565,368,,,02122,Kenai Peninsula Borough
2122,2020-07-10,7,70,2,1,1,5,,,17,9917,739,48416,366,,,02122,Kenai Peninsula Borough
2122,2020-07-11,7,70,2,1,1,5,,,18,10066,737,48269,365,,,02122,Kenai Peninsula Borough
2122,2020-07-12,7,70,2,1,1,5,,,19,10215,735,48122,363,,,02122,Kenai Peninsula Borough
2122,2020-07-13,7,70,2,1,1,5,,,20,10363,733,47976,361,,,02122,Kenai Peninsula Borough
2122,2020-07-14,7,70,2,1,1,5,,,21,10510,731,47831,359,,,02122,Kenai Peninsula Borough
2122,2020-07-15,7,70,2,1,1,5,,,22,10656,728,47686,357,,,02122,Kenai Peninsula Borough
2122,2020-07-16,7,70,2,1,1,5,,,22,10802,725,47543,355,,,02122,Kenai Peninsula Borough
2122,2020-07-17,7,70,2,1,1,5,,,23,10947,722,47401,353,,,02122,Kenai Peninsula Borough
2122,2020-07-18,7,70,2,1,1,5,,,24,11090,718,47260,350,,,02122,Kenai Peninsula Borough
2122,2020-07-19,7,70,2,1,1,5,,,25,11233,714,47120,348,,,02122,Kenai Peninsula Borough
2122,2020-07-20,7,70,2,1,1,5,,,26,11374,710,46981,345,,,02122,Kenai Peninsula Borough
2122,2020-07-21,7,70,2,1,1,5,,,26,11515,706,46843,342,,,02122,Kenai Peninsula Borough
2122,2020-07-22,7,70,2,1,1,5,,,27,11654,701,46707,339,,,02122,Kenai Peninsula Borough
2122,2020-07-23,7,70,2,1,1,5,,,28,11792,696,46571,336,,,02122,Kenai Peninsula Borough
2122,2020-07-24,7,70,2,1,1,5,,,29,11929,691,46438,333,,,02122,Kenai Peninsula Borough
2122,2020-07-25,7,70,2,1,1,5,,,30,12065,686,46305,330,,,02122,Kenai Peninsula Borough
2122,2020-07-26,6,70,2,1,1,5,,,30,12199,681,46174,327,,,02122,Kenai Peninsula Borough
2122,2020-07-27,6,70,2,1,1,5,,,31,12332,675,46045,323,,,02122,Kenai Peninsula Borough
2122,2020-07-28,6,70,2,1,1,5,,,32,12463,669,45917,320,,,02122,Kenai Peninsula Borough
2122,2020-07-29,6,70,2,1,1,5,,,33,12593,663,45790,317,,,02122,Kenai Peninsula Borough
2122,2020-07-30,6,70,2,1,1,5,,,33,12722,657,45665,313,,,02122,Kenai Peninsula Borough
2122,2020-07-31,6,70,2,1,1,5,,,34,12850,650,45541,309,,,02122,Kenai Peninsula Borough
2122,2020-08-01,6,70,2,1,1,5,,,35,12975,643,45419,306,,,02122,Kenai Peninsula Borough
2122,2020-08-02,6,70,2,1,1,5,,,36,13100,637,45298,302,,,02122,Kenai Peninsula Borough
2122,2020-08-03,6,70,2,1,1,5,,,37,13222,630,45179,298,,,02122,Kenai Peninsula Borough
2122,2020-08-04,6,70,2,1,1,5,,,37,13343,623,45062,294,,,02122,Kenai Peninsula Borough
2122,2020-08-05,6,70,2,1,1,5,,,38,13463,615,44947,290,,,02122,Kenai Peninsula Borough
2122,2020-08-06,6,70,2,1,1,5,,,39,13581,608,44833,286,,,02122,Kenai Peninsula Borough
2122,2020-08-07,6,70,2,1,1,5,,,40,13697,601,44720,282,,,02122,Kenai Peninsula Borough
2122,2020-08-08,6,70,2,1,1,5,,,40,13812,593,44609,278,,,02122,Kenai Peninsula Borough
2122,2020-08-09,6,70,2,1,1,5,,,41,13925,586,44500,274,,,02122,Kenai Peninsula Borough
2122,2020-08-10,6,70,2,1,1,5,,,42,14037,578,44393,270,,,02122,Kenai Peninsula Borough
2122,2020-08-11,6,70,2,1,1,5,,,42,14146,570,44287,266,,,02122,Kenai Peninsula Borough
2122,2020-08-12,6,70,2,1,1,5,,,43,14254,562,44183,262,,,02122,Kenai Peninsula Borough
2122,2020-08-13,6,70,2,1,1,5,,,44,14361,554,44081,258,,,02122,Kenai Peninsula Borough
2122,2020-08-14,6,70,2,1,1,5,,,44,14466,546,43980,254,,,02122,Kenai Peninsula Borough
2122,2020-08-15,5,70,2,1,1,5,,,45,14569,538,43881,250,,,02122,Kenai Peninsula Borough
2122,2020-08-16,5,70,2,1,1,5,,,46,14670,530,43784,246,,,02122,Kenai Peninsula Borough
2122,2020-08-17,5,70,2,1,1,5,,,47,14770,522,43689,241,,,02122,Kenai Peninsula Borough
2122,2020-08-18,5,70,2,1,1,5,,,47,14868,514,43595,237,,,02122,Kenai Peninsula Borough
2122,2020-08-19,5,70,2,1,1,5,,,48,14964,506,43502,233,,,02122,Kenai Peninsula Borough
2122,2020-08-20,5,70,2,1,1,5,,,48,15059,498,43412,229,,,02122,Kenai Peninsula Borough
2122,2020-08-21,5,70,2,1,1,5,,,49,15152,490,43323,225,,,02122,Kenai Peninsula Borough
2122,2020-08-22,5,70,2,1,1,5,,,50,15243,481,43236,221,,,02122,Kenai Peninsula Borough
2122,2020-08-23,5,70,2,1,1,5,,,50,15333,473,43150,217,,,02122,Kenai Peninsula Borough
2122,2020-08-24,5,70,2,1,1,5,,,51,15421,465,43066,213,,,02122,Kenai Peninsula Borough
2122,2020-08-25,5,70,2,1,1,5,,,52,15507,457,42983,209,,,02122,Kenai Peninsula Borough
2122,2020-08-26,5,70,2,1,1,5,,,52,15592,449,42903,205,,,02122,Kenai Peninsula Borough
2122,2020-08-27,5,70,2,1,0,5,,,53,15675,441,42823,201,,,02122,Kenai Peninsula Borough
2122,2020-08-28,4,70,2,1,0,5,,,53,15757,433,42746,197,,,02122,Kenai Peninsula Borough
2122,2020-08-29,4,70,2,1,0,5,,,54,15837,425,42670,193,,,02122,Kenai Peninsula Borough
2122,2020-08-30,4,70,2,1,0,5,,,54,15915,417,42595,190,,,02122,Kenai Peninsula Borough
2122,2020-08-31,4,70,2,1,0,5,,,55,15992,409,42522,186,,,02122,Kenai Peninsula Borough
2122,2020-09-01,4,70,2,1,0,5,,,56,16067,402,42451,182,,,02122,Kenai Peninsula Borough
2122,2020-09-02,4,70,2,1,0,5,,,56,16141,394,42380,178,,,02122,Kenai Peninsula Borough
2122,2020-09-03,4,70,2,1,0,5,,,57,16214,386,42312,175,,,02122,Kenai Peninsula Borough
2122,2020-09-04,4,70,1,1,0,5,,,57,16284,379,42245,171,,,02122,Kenai Peninsula Borough
2122,2020-09-05,4,70,1,1,0,5,,,58,16354,371,42179,167,,,02122,Kenai Peninsula Borough
2122,2020-09-06,4,70,1,1,0,5,,,58,16421,364,42115,164,,,02122,Kenai Peninsula Borough
2122,2020-09-07,4,70,1,1,0,5,,,59,16488,356,42052,160,,,02122,Kenai Peninsula Borough
2122,2020-09-08,4,70,1,1,0,5,,,59,16553,349,41990,157,,,02122,Kenai Peninsula Borough
2122,2020-09-09,4,70,1,1,0,5,,,60,16616,342,41930,154,,,02122,Kenai Peninsula Borough
2122,2020-09-10,4,70,1,1,0,5,,,60,16679,335,41871,150,,,02122,Kenai Peninsula Borough
2122,2020-09-11,3,70,1,1,0,5,,,61,16739,328,41814,147,,,02122,Kenai Peninsula Borough
2122,2020-09-12,3,70,1,1,0,5,,,61,16799,321,41757,144,,,02122,Kenai Peninsula Borough
2122,2020-09-13,3,70,1,1,0,5,,,61,16857,314,41702,140,,,02122,Kenai Peninsula Borough
2122,2020-09-14,3,70,1,1,0,5,,,62,16914,307,41649,137,,,02122,Kenai Peninsula Borough
2122,2020-09-15,3,70,1,1,0,5,,,62,16969,301,41596,134,,,02122,Kenai Peninsula Borough
2122,2020-09-16,3,70,1,1,0,5,,,63,17024,294,41545,131,,,02122,Kenai Peninsula Borough
2122,2020-09-17,3,70,1,1,0,5,,,63,17077,288,41495,128,,,02122,Kenai Peninsula Borough
2122,2020-09-18,3,70,1,1,0,5,,,64,17129,281,41446,125,,,02122,Kenai Peninsula Borough
2170,2020-03-04,0,72,0,9,0,13,,,0,0,2,108312,2,0,0,02170,Matanuska-Susitna Borough
2170,2020-03-05,0,72,0,9,0,13,,,0,1,2,108310,3,,,02170,Matanuska-Susitna Borough
2170,2020-03-06,0,72,0,9,0,13,,,0,2,3,108308,3,0,0,02170,Matanuska-Susitna Borough
2170,2020-03-07,0,72,0,9,0,13,,,0,4,4,108305,4,0,0,02170,Matanuska-Susitna Borough
2170,2020-03-08,0,72,0,9,0,13,,,0,6,5,108301,6,0,0,02170,Matanuska-Susitna Borough
2170,2020-03-09,0,72,0,9,0,13,,,0,9,7,108297,7,0,0,02170,Matanuska-Susitna Borough
2170,2020-03-10,0,72,0,9,0,13,,,0,13,9,108291,10,0,0,02170,Matanuska-Susitna Borough
2170,2020-03-11,0,72,0,9,0,13,,,0,17,11,108284,12,0,0,02170,Matanuska-Susitna Borough
2170,2020-03-12,0,72,0,9,0,13,,,0,23,14,108276,15,0,0,02170,Matanuska-Susitna Borough
2170,2020-03-13,0,72,0,9,0,13,,,0,30,18,108266,18,0,0,02170,Matanuska-Susitna Borough
2170,2020-03-14,0,72,0,9,0,13,,,0,38,22,108254,21,0,0,02170,Matanuska-Susitna Borough
2170,2020-03-15,0,72,0,9,0,13,,,0,47,26,108242,24,0,0,02170,Matanuska-Susitna Borough
2170,2020-03-16,0,72,0,9,0,13,,,0,58,31,108227,28,0,0,02170,Matanuska-Susitna Borough
2170,2020-03-17,0,72,0,9,0,13,,,0,71,36,108211,32,0,0,02170,Matanuska-Susitna Borough
2170,2020-03-18,0,72,0,9,0,13,,,0,84,42,108194,35,0,0,02170,Matanuska-Susitna Borough
2170,2020-03-19,0,72,0,9,0,13,,,0,100,48,108176,38,0,0,02170,Matanuska-Susitna Borough
2170,2020-03-20,0,72,0,9,0,13,,,0,116,54,108157,41,0,0,02170,Matanuska-Susitna Borough
2170,2020-03-21,0,72,0,9,0,13,,,0,133,59,108138,42,0,0,02170,Matanuska-Susitna Borough
2170,2020-03-22,0,72,0,9,0,13,,,0,151,64,108119,43,0,0,02170,Matanuska-Susitna Borough
2170,2020-03-23,0,72,0,9,0,13,,,0,169,69,108101,43,2,,02170,Matanuska-Susitna Borough
2170,2020-03-24,0,72,0,9,0,13,,,0,186,72,108085,42,0,0,02170,Matanuska-Susitna Borough
2170,2020-03-25,0,72,0,9,0,13,,,0,204,74,108068,42,0,0,02170,Matanuska-Susitna Borough
2170,2020-03-26,0,72,0,9,0,13,,,0,221,76,108051,42,0,0,02170,Matanuska-Susitna Borough
2170,2020-03-27,0,72,0,9,0,13,,,0,238,77,108033,42,0,0,02170,Matanuska-Susitna Borough
2170,2020-03-28,0,72,0,9,0,13,,,0,256,79,108015,43,0,0,02170,Matanuska-Susitna Borough
2170,2020-03-29,0,72,0,9,0,13,,,0,273,80,107997,43,0,0,02170,Matanuska-Susitna Borough
2170,2020-03-30,0,72,0,9,0,13,,,0,291,82,107978,44,1,321,02170,Matanuska-Susitna Borough
2170,2020-03-31,0,72,0,9,0,13,,,0,309,83,107959,45,1,357,02170,Matanuska-Susitna Borough
2170,2020-04-01,0,72,0,9,0,13,,,0,328,84,107940,45,3,378,02170,Matanuska-Susitna Borough
2170,2020-04-02,0,72,0,9,0,13,,,0,347,86,107921,46,4,,02170,Matanuska-Susitna Borough
2170,2020-04-03,0,72,0,9,0,13,,,0,366,87,107901,47,4,,02170,Matanuska-Susitna Borough
2170,2020-04-04,0,72,0,9,0,13,,,0,385,88,107880,48,4,,02170,Matanuska-Susitna Borough
2170,2020-04-05,0,72,0,9,0,13,,,0,405,90,107860,48,4,,02170,Matanuska-Susitna Borough
2170,2020-04-06,0,72,0,9,0,13,,,0,425,91,107839,49,4,,02170,Matanuska-Susitna Borough
2170,2020-04-07,0,72,0,9,0,13,,,0,445,93,107818,50,4,,02170,Matanuska-Susitna Borough
2170,2020-04-08,0,72,0,9,0,13,,,0,466,94,107797,51,5,,02170,Matanuska-Susitna Borough
2170,2020-04-09,0,72,0,9,0,13,,,0,487,96,107775,51,6,,02170,Matanuska-Susitna Borough
2170,2020-04-10,0,72,0,9,0,13,,,0,509,97,107752,52,9,,02170,Matanuska-Susitna Borough
2170,2020-04-11,0,72,0,9,0,13,,,0,530,99,107730,53,10,,02170,Matanuska-Susitna Borough
2170,2020-04-12,0,72,0,9,0,13,,,0,552,100,107707,54,14,,02170,Matanuska-Susitna Borough
2170,2020-04-13,0,72,0,9,0,13,,,0,575,102,107684,55,14,,02170,Matanuska-Susitna Borough
2170,2020-04-14,0,72,0,9,0,13,,,0,597,104,107660,56,15,,02170,Matanuska-Susitna Borough
2170,2020-04-15,0,72,0,9,0,13,,,0,621,105,107636,57,15,,02170,Matanuska-Susitna Borough
2170,2020-04-16,0,72,0,9,0,13,,,0,644,107,107612,57,15,,02170,Matanuska-Susitna Borough
2170,2020-04-17,0,72,0,9,0,13,,,0,668,109,107587,58,15,,02170,Matanuska-Susitna Borough
2170,2020-04-18,0,72,0,9,0,13,,,0,692,110,107562,59,17,,02170,Matanuska-Susitna Borough
2170,2020-04-19,0,72,0,9,0,13,,,0,717,112,107537,60,18,,02170,Matanuska-Susitna Borough
2170,2020-04-20,0,72,0,9,0,13,,,0,742,114,107511,61,19,,02170,Matanuska-Susitna Borough
2170,2020-04-21,0,72,0,9,0,13,,,0,767,116,107484,62,19,,02170,Matanuska-Susitna Borough
2170,2020-04-22,0,72,0,9,0,13,,,0,793,118,107458,63,20,,02170,Matanuska-Susitna Borough
2170,2020-04-23,0,72,0,9,0,13,,,0,819,119,107430,64,20,,02170,Matanuska-Susitna Borough
2170,2020-04-24,0,72,0,9,0,13,,,0,845,121,107403,65,20,,02170,Matanuska-Susitna Borough
2170,2020-04-25,0,72,0,9,0,13,,,0,872,123,107375,66,20,,02170,Matanuska-Susitna Borough
2170,2020-04-26,0,72,0,9,0,13,,,0,900,125,107347,67,20,,02170,Matanuska-Susitna Borough
2170,2020-04-27,0,72,0,9,0,13,,,0,928,127,107318,68,21,,02170,Matanuska-Susitna Borough
2170,2020-04-28,0,72,0,9,0,13,,,0,956,129,107288,69,21,,02170,Matanuska-Susitna Borough
2170,2020-04-29,0,72,0,9,0,13,,,0,984,131,107259,70,21,,02170,Matanuska-Susitna Borough
2170,2020-04-30,0,72,0,9,0,13,,,0,1013,133,107229,71,21,,02170,Matanuska-Susitna Borough
2170,2020-05-01,0,72,0,9,0,13,,,0,1043,135,107198,72,21,,02170,Matanuska-Susitna Borough
2170,2020-05-02,0,72,0,9,0,13,,,0,1073,137,107167,74,21,,02170,Matanuska-Susitna Borough
2170,2020-05-03,0,72,0,9,0,13,,,0,1103,139,107135,75,21,,02170,Matanuska-Susitna Borough
2170,2020-05-04,0,72,0,9,0,13,,,0,1134,141,107103,76,21,,02170,Matanuska-Susitna Borough
2170,2020-05-05,0,72,0,9,0,13,,,0,1166,143,107071,77,21,,02170,Matanuska-Susitna Borough
2170,2020-05-06,0,72,0,9,0,13,,,0,1198,146,107038,78,21,,02170,Matanuska-Susitna Borough
2170,2020-05-07,0,72,0,9,0,13,,,0,1230,148,107004,79,21,,02170,Matanuska-Susitna Borough
2170,2020-05-08,0,72,0,9,0,13,,,0,1263,150,106970,80,21,,02170,Matanuska-Susitna Borough
2170,2020-05-09,0,72,0,9,0,13,,,0,1296,152,106936,82,21,,02170,Matanuska-Susitna Borough
2170,2020-05-10,0,72,0,9,0,13,,,0,1330,155,106901,83,21,,02170,Matanuska-Susitna Borough
2170,2020-05-11,0,72,0,9,0,13,,,0,1364,157,106865,84,21,,02170,Matanuska-Susitna Borough
2170,2020-05-12,0,72,0,9,0,13,,,0,1399,159,106830,85,21,,02170,Matanuska-Susitna Borough
2170,2020-05-13,0,72,0,9,0,13,,,0,1434,161,106793,86,21,,02170,Matanuska-Susitna Borough
2170,2020-05-14,0,72,0,9,0,13,,,0,1470,164,106756,88,21,,02170,Matanuska-Susitna Borough
2170,2020-05-15,0,72,0,9,0,13,,,0,1506,166,106719,89,21,,02170,Matanuska-Susitna Borough
2170,2020-05-16,0,72,0,9,0,13,,,0,1543,169,106681,90,21,,02170,Matanuska-Susitna Borough
2170,2020-05-17,0,72,0,9,0,13,,,0,1580,171,106642,92,21,,02170,Matanuska-Susitna Borough
2170,2020-05-18,0,72,0,9,0,13,,,0,1618,174,106603,93,22,,02170,Matanuska-Susitna Borough
2170,2020-05-19,0,72,0,9,0,13,,,0,1656,176,106563,94,22,,02170,Matanuska-Susitna Borough
2170,2020-05-20,0,72,0,9,0,13,,,0,1695,179,106523,96,22,,02170,Matanuska-Susitna Borough
2170,2020-05-21,0,72,0,9,0,13,,,0,1734,181,106482,97,22,,02170,Matanuska-Susitna Borough
2170,2020-05-22,0,72,0,9,0,13,,,0,1774,184,106441,98,22,,02170,Matanuska-Susitna Borough
2170,2020-05-23,0,72,0,9,0,13,,,0,1815,187,106399,100,24,,02170,Matanuska-Susitna Borough
2170,2020-05-24,0,72,0,9,0,13,,,0,1856,189,106356,101,24,,02170,Matanuska-Susitna Borough
2170,2020-05-25,0,72,0,9,0,13,,,0,1898,192,106313,102,24,,02170,Matanuska-Susitna Borough
2170,2020-05-26,0,72,0,9,0,13,,,0,1940,195,106270,104,24,,02170,Matanuska-Susitna Borough
2170,2020-05-27,0,72,0,9,0,13,,,0,1983,197,106225,105,24,,02170,Matanuska-Susitna Borough
2170,2020-05-28,0,72,0,9,0,13,,,0,2026,200,106181,106,24,,02170,Matanuska-Susitna Borough
2170,2020-05-29,0,72,0,9,0,13,,,0,2070,202,106137,107,24,,02170,Matanuska-Susitna Borough
2170,2020-05-30,0,72,0,9,0,13,,,0,2114,205,106092,107,25,,02170,Matanuska-Susitna Borough
2170,2020-05-31,0,72,0,9,0,13,,,0,2158,206,106049,107,29,,02170,Matanuska-Susitna Borough
2170,2020-06-01,0,72,0,9,0,13,,,0,2201,208,106005,107,29,,02170,Matanuska-Susitna Borough
2170,2020-06-02,0,72,0,9,0,13,,,0,2245,209,105962,106,29,,02170,Matanuska-Susitna Borough
2170,2020-06-03,0,72,0,9,0,13,,,0,2288,209,105920,105,34,,02170,Matanuska-Susitna Borough
2170,2020-06-04,0,72,0,9,0,13,,,0,2331,209,105878,104,35,,02170,Matanuska-Susitna Borough
2170,2020-06-05,0,72,0,9,0,13,,,0,2373,209,105837,103,35,,02170,Matanuska-Susitna Borough
2170,2020-06-06,0,72,0,9,0,13,,,0,2415,208,105797,101,35,,02170,Matanuska-Susitna Borough
2170,2020-06-07,0,72,0,9,0,13,,,0,2456,206,105758,99,35,,02170,Matanuska-Susitna Borough
2170,2020-06-08,0,72,0,9,0,13,,,0,2496,205,105720,97,37,,02170,Matanuska-Susitna Borough
2170,2020-06-09,0,72,0,9,0,13,,,0,2536,202,105683,95,37,,02170,Matanuska-Susitna Borough
2170,2020-06-10,0,72,0,9,0,13,,,0,2574,199,105647,92,38,,02170,Matanuska-Susitna Borough
2170,2020-06-11,0,72,0,9,0,13,,,0,2611,196,105612,90,40,,02170,Matanuska-Susitna Borough
2170,2020-06-12,0,72,0,9,0,13,,,0,2648,193,105578,88,42,,02170,Matanuska-Susitna Borough
2170,2020-06-13,0,72,0,9,0,13,,,0,2683,189,105544,86,44,,02170,Matanuska-Susitna Borough
2170,2020-06-14,0,72,0,9,0,13,,,0,2718,186,105511,84,45,,02170,Matanuska-Susitna Borough
2170,2020-06-15,0,72,0,9,0,13,,,0,2752,182,105478,83,46,,02170,Matanuska-Susitna Borough
2170,2020-06-16,0,72,0,9,0,13,,,0,2786,179,105446,81,47,,02170,Matanuska-Susitna Borough
2170,2020-06-17,0,72,0,9,0,13,,,0,2819,175,105415,79,47,,02170,Matanuska-Susitna Borough
2170,2020-06-18,0,72,0,9,0,13,,,0,2851,172,105384,78,39,6516,02170,Matanuska-Susitna Borough
2170,2020-06-19,0,72,0,9,0,13,,,1,2883,169,105354,76,,,02170,Matanuska-Susitna Borough
2170,2020-06-20,0,72,0,9,0,13,,,1,2914,166,105325,75,,,02170,Matanuska-Susitna Borough
2170,2020-06-21,0,72,0,9,0,13,,,1,2944,162,105296,73,,,02170,Matanuska-Susitna Borough
2170,2020-06-22,0,72,0,9,0,13,,,1,2974,159,105267,72,,,02170,Matanuska-Susitna Borough
2170,2020-06-23,0,72,0,9,0,13,,,1,3003,156,105239,71,,,02170,Matanuska-Susitna Borough
2170,2020-06-24,0,72,0,9,0,13,,,1,3032,153,105212,69,,,02170,Matanuska-Susitna Borough
2170,2020-06-25,0,72,0,9,0,13,,,1,3060,150,105185,68,,,02170,Matanuska-Susitna Borough
2170,2020-06-26,0,72,0,9,0,13,,,1,3088,147,105159,66,,,02170,Matanuska-Susitna Borough
2170,2020-06-27,0,72,0,9,0,13,,,2,3115,144,105133,65,,,02170,Matanuska-Susitna Borough
2170,2020-06-28,0,72,0,9,0,13,,,2,3141,142,105108,64,,,02170,Matanuska-Susitna Borough
2170,2020-06-29,0,72,0,9,0,13,,,2,3167,139,105083,63,,,02170,Matanuska-Susitna Borough
2170,2020-06-30,0,72,0,9,0,13,,,2,3193,136,105059,61,,,02170,Matanuska-Susitna Borough
2170,2020-07-01,0,72,0,9,0,13,,,2,3218,134,105035,60,,,02170,Matanuska-Susitna Borough
2170,2020-07-02,0,72,0,9,0,13,,,2,3242,131,105012,59,,,02170,Matanuska-Susitna Borough
2170,2020-07-03,0,72,0,9,0,13,,,2,3266,128,104989,58,,,02170,Matanuska-Susitna Borough
2170,2020-07-04,0,72,0,9,0,13,,,2,3290,126,104967,57,,,02170,Matanuska-Susitna Borough
2170,2020-07-05,0,72,0,9,0,13,,,2,3313,123,104945,56,,,02170,Matanuska-Susitna Borough
2170,2020-07-06,0,72,0,9,0,13,,,3,3336,121,104923,54,,,02170,Matanuska-Susitna Borough
2170,2020-07-07,0,72,0,9,0,13,,,3,3358,119,104902,53,,,02170,Matanuska-Susitna Borough
2170,2020-07-08,0,72,0,9,0,13,,,3,3380,116,104881,52,,,02170,Matanuska-Susitna Borough
2170,2020-07-09,0,72,0,9,0,13,,,3,3401,114,104861,51,,,02170,Matanuska-Susitna Borough
2170,2020-07-10,0,72,0,9,0,13,,,3,3422,112,104841,50,,,02170,Matanuska-Susitna Borough
2170,2020-07-11,0,72,0,9,0,13,,,3,3442,110,104822,49,,,02170,Matanuska-Susitna Borough
2170,2020-07-12,0,72,0,9,0,13,,,3,3463,107,104803,48,,,02170,Matanuska-Susitna Borough
2170,2020-07-13,0,72,0,9,0,13,,,3,3482,105,104784,47,,,02170,Matanuska-Susitna Borough
2170,2020-07-14,0,72,0,9,0,13,,,3,3502,103,104765,46,,,02170,Matanuska-Susitna Borough
2170,2020-07-15,0,72,0,9,0,13,,,3,3521,101,104747,45,,,02170,Matanuska-Susitna Borough
2170,2020-07-16,0,72,0,9,0,13,,,4,3539,99,104730,44,,,02170,Matanuska-Susitna Borough
2170,2020-07-17,0,72,0,9,0,13,,,4,3557,97,104712,44,,,02170,Matanuska-Susitna Borough
2170,2020-07-18,0,72,0,9,0,13,,,4,3575,95,104695,43,,,02170,Matanuska-Susitna Borough
2170,2020-07-19,0,72,0,9,0,13,,,4,3593,93,104679,42,,,02170,Matanuska-Susitna Borough
2170,2020-07-20,0,72,0,9,0,13,,,4,3610,91,104663,41,,,02170,Matanuska-Susitna Borough
2170,2020-07-21,0,72,0,9,0,13,,,4,3626,90,104647,40,,,02170,Matanuska-Susitna Borough
2170,2020-07-22,0,72,0,9,0,13,,,4,3643,88,104631,39,,,02170,Matanuska-Susitna Borough
2170,2020-07-23,0,72,0,9,0,13,,,4,3659,86,104616,39,,,02170,Matanuska-Susitna Borough
2170,2020-07-24,0,72,0,9,0,13,,,4,3675,84,104601,38,,,02170,Matanuska-Susitna Borough
2170,2020-07-25,0,72,0,9,0,13,,,4,3690,83,104586,37,,,02170,Matanuska-Susitna Borough
2170,2020-07-26,0,72,0,9,0,13,,,4,3705,81,104572,36,,,02170,Matanuska-Susitna Borough
2170,2020-07-27,0,72,0,9,0,13,,,4,3720,79,104558,36,,,02170,Matanuska-Susitna Borough
2170,2020-07-28,0,72,0,9,0,13,,,4,3735,78,104544,35,,,02170,Matanuska-Susitna Borough
2170,2020-07-29,0,72,0,9,0,13,,,5,3749,76,104530,34,,,02170,Matanuska-Susitna Borough
2170,2020-07-30,0,72,0,9,0,13,,,5,3763,75,104517,33,,,02170,Matanuska-Susitna Borough
2170,2020-07-31,0,72,0,9,0,13,,,5,3776,73,104504,33,,,02170,Matanuska-Susitna Borough
2170,2020-08-01,0,72,0,9,0,13,,,5,3790,72,104491,32,,,02170,Matanuska-Susitna Borough
2170,2020-08-02,0,72,0,9,0,13,,,5,3803,70,104479,31,,,02170,Matanuska-Susitna Borough
2170,2020-08-03,0,72,0,9,0,13,,,5,3816,69,104467,31,,,02170,Matanuska-Susitna Borough
2170,2020-08-04,0,72,0,9,0,13,,,5,3828,67,104455,30,,,02170,Matanuska-Susitna Borough
2170,2020-08-05,0,72,0,9,0,13,,,5,3841,66,104443,30,,,02170,Matanuska-Susitna Borough
2170,2020-08-06,0,72,0,9,0,13,,,5,3853,65,104432,29,,,02170,Matanuska-Susitna Borough
2170,2020-08-07,0,72,0,9,0,13,,,5,3865,63,104420,28,,,02170,Matanuska-Susitna Borough
2170,2020-08-08,0,72,0,9,0,13,,,5,3876,62,104409,28,,,02170,Matanuska-Susitna Borough
2170,2020-08-09,0,72,0,9,0,13,,,5,3888,61,104398,27,,,02170,Matanuska-Susitna Borough
2170,2020-08-10,0,72,0,9,0,13,,,5,3899,60,104388,27,,,02170,Matanuska-Susitna Borough
2170,2020-08-11,0,72,0,9,0,13,,,5,3910,58,104378,26,,,02170,Matanuska-Susitna Borough
2170,2020-08-12,0,72,0,9,0,13,,,5,3920,57,104367,26,,,02170,Matanuska-Susitna Borough
2170,2020-08-13,0,72,0,9,0,13,,,5,3931,56,104357,25,,,02170,Matanuska-Susitna Borough
2170,2020-08-14,0,72,0,9,0,13,,,5,3941,55,104348,24,,,02170,Matanuska-Susitna Borough
2170,2020-08-15,0,72,0,9,0,13,,,6,3951,54,104338,24,,,02170,Matanuska-Susitna Borough
2170,2020-08-16,0,72,0,9,0,13,,,6,3961,53,104329,23,,,02170,Matanuska-Susitna Borough
2170,2020-08-17,0,72,0,9,0,13,,,6,3971,52,104320,23,,,02170,Matanuska-Susitna Borough
2170,2020-08-18,0,72,0,9,0,13,,,6,3980,51,104311,22,,,02170,Matanuska-Susitna Borough
2170,2020-08-19,0,72,0,9,0,13,,,6,3989,49,104302,22,,,02170,Matanuska-Susitna Borough
2170,2020-08-20,0,72,0,9,0,13,,,6,3999,48,104293,22,,,02170,Matanuska-Susitna Borough
2170,2020-08-21,0,72,0,9,0,13,,,6,4007,47,104285,21,,,02170,Matanuska-Susitna Borough
2170,2020-08-22,0,72,0,9,0,13,,,6,4016,47,104277,21,,,02170,Matanuska-Susitna Borough
2170,2020-08-23,0,72,0,9,0,13,,,6,4025,46,104268,20,,,02170,Matanuska-Susitna Borough
2170,2020-08-24,0,72,0,9,0,13,,,6,4033,45,104260,20,,,02170,Matanuska-Susitna Borough
2170,2020-08-25,0,72,0,9,0,13,,,6,4041,44,104253,19,,,02170,Matanuska-Susitna Borough
2170,2020-08-26,0,72,0,9,0,13,,,6,4049,43,104245,19,,,02170,Matanuska-Susitna Borough
2170,2020-08-27,0,72,0,9,0,13,,,6,4057,42,104238,19,,,02170,Matanuska-Susitna Borough
2170,2020-08-28,0,72,0,9,0,13,,,6,4065,41,104230,18,,,02170,Matanuska-Susitna Borough
2170,2020-08-29,0,72,0,9,0,13,,,6,4072,40,104223,18,,,02170,Matanuska-Susitna Borough
2170,2020-08-30,0,72,0,9,0,13,,,6,4080,39,104216,17,,,02170,Matanuska-Susitna Borough
2170,2020-08-31,0,72,0,9,0,13,,,6,4087,39,104209,17,,,02170,Matanuska-Susitna Borough
2170,2020-09-01,0,72,0,9,0,13,,,6,4094,38,104203,17,,,02170,Matanuska-Susitna Borough
2170,2020-09-02,0,72,0,9,0,13,,,6,4101,37,104196,16,,,02170,Matanuska-Susitna Borough
2170,2020-09-03,0,72,0,9,0,13,,,6,4108,36,104190,16,,,02170,Matanuska-Susitna Borough
2170,2020-09-04,0,72,0,9,0,13,,,6,4114,35,104183,16,,,02170,Matanuska-Susitna Borough
2170,2020-09-05,0,72,0,9,0,13,,,6,4121,35,104177,15,,,02170,Matanuska-Susitna Borough
2170,2020-09-06,0,72,0,9,0,13,,,6,4127,34,104171,15,,,02170,Matanuska-Susitna Borough
2170,2020-09-07,0,72,0,9,0,13,,,6,4134,33,104165,15,,,02170,Matanuska-Susitna Borough
2170,2020-09-08,0,72,0,9,0,13,,,6,4140,33,104159,14,,,02170,Matanuska-Susitna Borough
2170,2020-09-09,0,72,0,9,0,13,,,6,4146,32,104154,14,,,02170,Matanuska-Susitna Borough
2170,2020-09-10,0,72,0,9,0,13,,,6,4152,31,104148,14,,,02170,Matanuska-Susitna Borough
2170,2020-09-11,0,72,0,9,0,13,,,7,4157,31,104143,14,,,02170,Matanuska-Susitna Borough
2170,2020-09-12,0,72,0,9,0,13,,,7,4163,30,104137,13,,,02170,Matanuska-Susitna Borough
2170,2020-09-13,0,72,0,9,0,13,,,7,4168,29,104132,13,,,02170,Matanuska-Susitna Borough
2170,2020-09-14,0,72,0,9,0,13,,,7,4174,29,104127,13,,,02170,Matanuska-Susitna Borough
2170,2020-09-15,0,72,0,9,0,13,,,7,4179,28,104122,12,,,02170,Matanuska-Susitna Borough
2170,2020-09-16,0,72,0,9,0,13,,,7,4184,28,104117,12,,,02170,Matanuska-Susitna Borough
2170,2020-09-17,0,72,0,9,0,13,,,7,4189,27,104112,12,,,02170,Matanuska-Susitna Borough
2170,2020-09-18,0,72,0,9,0,13,,,7,4194,26,104107,12,,,02170,Matanuska-Susitna Borough
